id,date,municipality,province,area_ha,lat,lon,p_fuego,prediction
277940,2025-08-10,Uña de Quintana,Zamora,40081,42.0874013,-6.1427858,0.9923,1
278475,2025-08-14,Rúa, A,Ourense,37185,42.3879535,-7.1436214,0.9934,1
277944,2025-08-09,Benuza,León,26241,42.4005361,-6.7086507,0.9930,1
278477,2025-08-15,Veiga, A,Ourense,24947,42.1378213,-7.9300289,0.9937,1
278348,2025-08-13,Oímbra,Ourense,24471,41.8857802,-7.4715679,0.9933,1
278504,2025-08-08,Manzaneda,Ourense,24456,42.3098629,-7.2350007,0.9933,1
278481,2025-08-14,Burón,León,19112,43.0244821,-5.0514632,0.9925,1
279768,2025-08-13,Navaconcejo,Cáceres,17317,40.1767957,-5.8296185,0.9883,1
278347,2025-08-12,Mezquita, A,Ourense,12026,42.0444565,-7.0192944,0.9909,1
278498,2025-08-13,Puertas,Salamanca,10823,41.0972025,-6.2869626,0.9928,1
279404,2025-08-10,Peranzanes,León,7821,42.8769244,-6.6328486,0.9923,1
277955,2025-08-21,Murias de Paredes,León,7070,42.8502169,-6.1912448,0.9891,1
278483,2025-08-16,Guardo,Palencia,6862,42.7895455,-4.846288,0.9895,1
278485,2025-08-14,Llerena,Badajoz,5829,38.2378976,-6.0149901,0.9930,1
273143,2025-07-01,Oliola,Lleida,5247,41.8758085,1.1737519,0.9937,1
277918,2025-08-10,Maceda,Ourense,4725,42.2708159,-7.6508391,0.9915,1
277945,2025-08-09,Carucedo,León,4416,42.4903276,-6.7613409,0.9932,1
277936,2025-08-12,Gallegos del Río,Zamora,4317,41.7352273,-6.1736307,0.0016,0
277953,2025-08-09,Villablino,León,4285,42.9388713,-6.3183421,0.9913,1
278488,2025-08-15,Cáceres,Cáceres,3739,39.4745175,-6.3716761,0.9889,1
278489,2025-08-15,Casar de Cáceres,Cáceres,3614,39.5614765,-6.4171236,0.9869,1
274755,2025-07-17,Valmojado,Toledo,3247,40.2043735,-4.0908078,0.9950,1
278478,2025-08-15,Carballeda de Avia,Ourense,3096,42.3208186,-8.1648727,0.9884,1
278334,2025-08-12,Villar del Pedroso,Cáceres,3084,39.7059204,-5.1959371,0.9925,1
281635,2025-09-21,Cardoso de la Sierra, El,Guadalajara,2968,41.0952437,-3.4645105,0.9924,1
278753,2025-08-15,Ávila,Ávila,2942,40.656478,-4.7002172,0.9892,1
276078,2025-07-29,Caminomorisco,Cáceres,2694,40.3263492,-6.2911549,0.9917,1
274252,2025-07-07,Alfara de Carles,Tarragona,2650,40.8738809,0.400045,0.9894,1
275045,2025-07-19,Castilblanco,Badajoz,2418,39.2886967,-5.0871836,0.9934,1
278487,2025-08-14,Alburquerque,Badajoz,2346,39.2190169,-6.9999295,0.9929,1
275869,2025-07-29,Mombeltrán,Ávila,2231,40.2594639,-5.0167649,0.9912,1
278425,2025-08-13,Riofrío de Aliste,Zamora,2142,41.8159422,-6.1767542,0.9921,1
278333,2025-08-12,Madrid,Madrid,2037,40.4237276,-3.6899043,0.1175,0
281574,2025-09-18,Pantón,Lugo,1987,42.5085938,-7.6423646,0.9941,1
278422,2025-08-14,Vilardevós,Ourense,1825,41.9073842,-7.312875,0.9933,1
275052,2025-07-18,Navaluenga,Ávila,1615,40.4101393,-4.7079974,0.9928,1
278656,2025-08-10,Pernía, La,Palencia,1603,42.9715874,-4.5799699,0.9926,1
279225,2025-08-24,Soto y Amío,León,1546,42.7792845,-5.8858371,0.9933,1
271222,2025-06-10,Burguillos,Sevilla,1443,37.5858509,-5.9678094,0.9923,1
265013,2025-02-19,Selaya,Cantabria,1347,43.216694,-3.806861,0.9940,1
268940,2025-05-03,Benahadux,Almería,1336,36.9251533,-2.460209,0.9360,1
271987,2025-06-17,Alcollarín,Cáceres,1260,39.2455213,-5.7368176,0.9938,1
277676,2025-08-08,Cáceres,Cáceres,1214,39.4745175,-6.3716761,0.9888,1
278484,2025-08-12,Cabrales,Asturias,1181,43.2713716,-4.8296951,0.3044,0
279346,2025-08-25,Quiroga,Lugo,1138,42.4751472,-7.2697796,0.9937,1
278423,2025-08-11,Vilardevós,Ourense,1107,41.9073842,-7.312875,0.9933,1
271988,2025-06-17,Cáceres,Cáceres,1055,39.4745175,-6.3716761,0.9904,1
278346,2025-08-11,Montederramo,Ourense,1028,42.2752812,-7.5027103,0.0109,0
279753,2025-08-29,Lubrín,Almería,915,37.216181,-2.0669673,0.9929,1
278908,2025-08-14,Azuaga,Badajoz,848,38.2592148,-5.6768563,0.9929,1
277678,2025-08-04,Oliva de Mérida,Badajoz,828,38.7899533,-6.1243458,0.9904,1
274671,2025-07-17,Trujillo,Cáceres,828,39.4605657,-5.8816626,0.9933,1
279337,2025-08-15,Castrelo do Val,Ourense,824,41.9905158,-7.4232094,0.9932,1
277685,2025-08-08,Navas del Marqués, Las,Ávila,792,40.5891603,-4.3616197,0.9508,1
275380,2025-07-24,Alcuéscar,Cáceres,779,39.1801212,-6.2284451,0.9938,1
278482,2025-09-06,Burón,León,732,43.0244821,-5.0514632,0.9927,1
278910,2025-08-13,Calera y Chozas,Toledo,706,39.8826545,-4.9791609,0.9916,1
279586,2025-08-17,Barco de Valdeorras, O,Ourense,652,42.415969,-6.981997,0.9933,1
272485,2025-06-23,Zaragoza,Zaragoza,587,41.6521342,-0.8809428,0.9567,1
276709,2025-08-02,Vilardevós,Ourense,563,41.9073842,-7.312875,0.9934,1
278513,2025-08-15,Burguillos del Cerro,Badajoz,555,38.3798701,-6.5907481,0.9929,1
278486,2025-08-15,Aroche,Huelva,544,37.9436167,-6.9539589,0.9929,1
277948,2025-08-12,Villafranca del Bierzo,León,542,42.605583,-6.8111675,0.9931,1
278506,2025-08-15,Agolada,Pontevedra,528,42.762592,-8.0184167,0.9868,1
279424,2025-08-27,Ibias,Asturias,525,43.0001254,-6.8219711,0.0695,0
272825,2025-06-26,Higueruela,Albacete,491,38.9643114,-1.4443612,0.9919,1
272118,2025-06-21,Granyanella,Lleida,485,41.6485431,1.2236395,0.9928,1
280759,2025-09-06,Hermisende,Zamora,470,41.9688114,-6.8955455,0.9927,1
278855,2025-08-13,Teresa de Cofrentes,Valencia/València,462,39.1064363,-1.0510067,0.9909,1
278865,2025-08-16,Villanueva del Rey,Córdoba,453,38.1982093,-5.1526791,0.9927,1
256555,2025-02-19,Soba,Cantabria,420,43.1915054,-3.5623672,0.9929,1
278268,2025-08-09,Manzaneda,Ourense,418,42.3098629,-7.2350007,0.9933,1
275005,2025-07-19,Lubrín,Almería,406,37.216181,-2.0669673,0.9938,1
265006,2025-02-19,Vega de Pas,Cantabria,398,43.1585436,-3.7821043,0.9930,1
280108,2025-08-23,Campanario,Badajoz,394,38.8633863,-5.6180261,0.9933,1
278345,2025-08-12,Dozón,Pontevedra,377,42.5950221,-8.0473457,0.9915,1
278490,2025-08-13,Trujillo,Cáceres,369,39.4605657,-5.8816626,0.9926,1
278505,2025-08-15,Toques,A Coruña,368,42.9692524,-7.955717,0.9760,1
278332,2025-08-11,Tarifa,Cádiz,365,36.0129082,-5.6050213,0.9885,1
279192,2025-08-13,Cangas del Narcea,Asturias,363,43.1774374,-6.5499784,0.1557,0
278752,2025-08-19,Garrovillas de Alconétar,Cáceres,359,39.7131532,-6.5494403,0.9927,1
276718,2025-08-02,Ponteceso,A Coruña,345,43.2428181,-8.9005051,0.0092,0
279193,2025-08-17,Somiedo,Asturias,343,43.1028012,-6.2514557,0.9723,1
282164,2025-09-20,Villamanín,León,341,42.9832524,-5.6950756,0.9916,1
281140,2025-09-13,Polán,Toledo,339,39.7888594,-4.1667072,0.9927,1
276852,2025-08-05,Enériz / Eneritz,Navarra,329,42.6712536,-1.7280262,0.9867,1
275060,2025-07-16,Alcollarín,Cáceres,329,39.2455213,-5.7368176,0.9938,1
270822,2025-06-01,Don Benito,Badajoz,307,38.9540269,-5.8619466,0.9913,1
279218,2025-08-25,Avión,Ourense,302,42.3873019,-8.2655242,0.9937,1
259888,2025-03-06,Vega de Pas,Cantabria,302,43.1585436,-3.7821043,0.0014,0
276895,2025-07-30,Cañiza, A,Pontevedra,301,42.2158506,-8.2790051,0.9896,1
266424,2025-03-31,Pedralba de la Pradería,Zamora,288,42.0245478,-6.6938232,0.9916,1
272528,2025-06-21,Zalamea la Real,Huelva,285,37.6793659,-6.6605705,0.9927,1
278853,2025-08-15,Payo, El,Salamanca,280,40.2927565,-6.7528086,0.9912,1
277326,2025-08-06,Guijo de Galisteo,Cáceres,278,40.0933514,-6.4102612,0.9863,1
277451,2025-08-05,Tarifa,Cádiz,277,36.0129082,-5.6050213,0.9881,1
273510,2025-07-03,Tarifa,Cádiz,273,36.0129082,-5.6050213,0.9873,1
281893,2025-09-21,Valverde de la Vera,Cáceres,272,40.1224856,-5.4943029,0.9919,1
256558,2025-02-18,Soba,Cantabria,270,43.1915054,-3.5623672,0.9931,1
281598,2025-09-21,Garganta la Olla,Cáceres,269,40.1112342,-5.7762332,0.9931,1
277684,2025-08-09,Aranjuez,Madrid,263,40.0322289,-3.6040097,0.9535,1
279357,2025-08-13,Jerez de la Frontera,Cádiz,240,36.6816936,-6.1377402,0.9763,1
278508,2025-08-25,Samos,Lugo,239,42.730661,-7.3265903,0.9925,1
278509,2025-08-13,Caso,Asturias,235,43.1747943,-5.3270258,0.0022,0
282183,2025-09-19,Bolo, O,Ourense,233,42.3078799,-7.095033,0.9927,1
271661,2025-06-16,Chinchilla de Monte-Aragón,Albacete,223,None,None,-1.0000,0
274979,2025-07-03,Carolina, La,Jaén,215,37.7582467,-3.7953281,0.9900,1
251744,2025-01-19,San Roque de Riomiera,Cantabria,207,43.2191046,-3.7200789,0.9899,1
275143,2025-07-18,Pozuelos de Calatrava, Los,Ciudad Real,196,38.9130124,-4.1919373,0.9938,1
275379,2025-07-24,Badajoz,Badajoz,195,38.878187,-6.9701115,0.9903,1
276719,2025-08-02,Ponteceso,A Coruña,195,43.2428181,-8.9005051,0.0092,0
272933,2025-07-01,Garrobo, El,Sevilla,194,37.5925656,-6.1621863,0.9908,1
277687,2025-08-10,Carcastillo,Navarra,192,42.3800209,-1.4445327,0.9934,1
275862,2025-07-18,Ibi,Alicante/Alacant,185,38.623288,-0.5730513,0.9923,1
254796,2025-02-16,Soba,Cantabria,183,43.1915054,-3.5623672,0.9930,1
278330,2025-08-13,Quintana del Castillo,León,182,42.6609431,-6.0467428,0.9932,1
280776,2025-09-03,Ponga,Asturias,182,43.1873037,-5.1540872,0.9930,1
277952,2025-08-10,Páramo del Sil,León,180,42.8210447,-6.4883427,0.9927,1
273634,2025-07-04,Oliva de Mérida,Badajoz,177,38.7899533,-6.1243458,0.9934,1
278846,2025-08-15,Vilardevós,Ourense,172,41.9073842,-7.312875,0.9933,1
272194,2025-06-22,Oliola,Lleida,172,41.8758085,1.1737519,0.9936,1
281125,2025-09-12,Calañas,Huelva,171,37.6545062,-6.8786335,0.9934,1
278479,2025-08-16,Beade,Ourense,168,42.3292437,-8.1276551,0.9941,1
277683,2025-08-10,Cillorigo de Liébana,Cantabria,166,43.2076777,-4.6122569,0.0010,0
275044,2025-07-18,Badajoz,Badajoz,164,38.878187,-6.9701115,0.9905,1
273511,2025-07-04,Montecorto,Málaga,164,36.8149906,-5.2983445,0.9872,1
279776,2025-08-15,Cáceres,Cáceres,160,39.4745175,-6.3716761,0.9889,1
266476,2025-04-04,Baztan,Navarra,157,43.1628957,-1.4935352,0.9920,1
278480,2025-08-16,Cervantes,Lugo,156,42.8270065,-6.9617665,0.9905,1
279714,2025-08-29,Don Benito,Badajoz,156,38.9540269,-5.8619466,0.9920,1
278552,2025-08-15,Saviñao, O,Lugo,156,42.5868752,-7.646757,0.0566,0
275134,2025-07-16,Talavera de la Reina,Toledo,155,39.9603798,-4.8311717,0.9909,1
281174,2025-09-14,Barreiros,Lugo,154,43.514168,-7.2505546,0.9935,1
276573,2025-07-26,Valdecaballeros,Badajoz,145,39.242741,-5.1897862,0.9928,1
275460,2025-07-23,Cualedro,Ourense,145,41.9885728,-7.593898,0.9934,1
261005,2025-03-20,Peñamellera Alta,Asturias,141,43.3105213,-4.7122719,0.9929,1
277679,2025-08-09,Zalamea de la Serena,Badajoz,140,38.6495978,-5.6592697,0.9929,1
274778,2025-07-16,Cáceres,Cáceres,138,39.4745175,-6.3716761,0.9907,1
274253,2025-07-08,Aldover,Tarragona,137,40.8800537,0.5000194,0.9892,1
279194,2025-08-10,Congosto,León,127,42.6175246,-6.5201227,0.0017,0
273043,2025-06-30,Villa del Prado,Madrid,123,40.2764752,-4.3048032,0.9931,1
279050,2025-08-17,Mahide,Zamora,122,41.8688255,-6.3772489,0.9929,1
278511,2025-08-17,Ponga,Asturias,122,43.1873037,-5.1540872,0.9912,1
281344,2025-09-17,Parauta,Málaga,122,36.6559871,-5.1292424,0.0029,0
281122,2025-09-12,Paterna del Campo,Huelva,122,37.4188311,-6.4025477,0.9941,1
279040,2025-08-17,Alburquerque,Badajoz,120,39.2190169,-6.9999295,0.9925,1
279303,2025-08-22,Carballedo,Lugo,117,42.530768,-7.8055203,0.9935,1
275047,2025-07-18,Cañamero,Cáceres,113,39.3801055,-5.3892464,0.9931,1
279378,2025-08-18,Castrelo do Val,Ourense,109,41.9905158,-7.4232094,0.9932,1
264028,2025-03-20,Ribadedeva,Asturias,106,43.3718471,-4.5689978,0.9939,1
278554,2025-08-16,Ourense,Ourense,105,42.3438932,-7.8571792,0.9908,1
251729,2025-01-18,Pías,Zamora,103,42.0919273,-6.9934658,0.0078,0
273157,2025-07-03,Alcaudete de la Jara,Toledo,101,39.788931,-4.8678158,0.0024,0
274665,2025-07-12,Villanueva de la Concepción,Málaga,100,36.9318977,-4.5304501,0.9933,1
264856,2025-03-20,Llanes,Asturias,100,43.4211205,-4.7530835,0.9939,1
278866,2025-08-20,Benamaurel,Granada,100,37.6084683,-2.6970148,0.9946,1
282157,2025-09-20,Manzanal de los Infantes,Zamora,99,42.054973,-6.3828094,0.9930,1
278510,2025-08-16,Ponga,Asturias,96,43.1873037,-5.1540872,0.9926,1
272934,2025-06-29,Villablanca,Huelva,95,37.3028005,-7.3423138,0.9900,1
267088,2025-03-31,San Juan de Gredos,Ávila,94,40.3416673,-5.2299808,0.9917,1
279214,2025-08-07,Neves, As,Pontevedra,93,42.0753355,-8.4200644,0.9813,1
275113,2025-07-17,Castillejo de Martín Viejo,Salamanca,93,40.7010553,-6.645907,0.9930,1
279215,2025-08-06,Salceda de Caselas,Pontevedra,91,42.1068416,-8.5620619,0.8773,1
279319,2025-08-22,Ardón,León,90,42.4364485,-5.5605337,0.9930,1
264996,2025-04-01,Vega de Pas,Cantabria,90,43.1585436,-3.7821043,0.9930,1
275068,2025-07-16,Lalín,Pontevedra,89,42.6614127,-8.1109759,0.9931,1
278911,2025-08-16,Cuacos de Yuste,Cáceres,89,40.1052487,-5.7230387,0.9782,1
279363,2025-08-17,Niebla,Huelva,88,37.3609544,-6.6793495,0.9937,1
278916,2025-08-17,Membrío,Cáceres,88,39.5268442,-7.0543476,0.9933,1
276069,2025-07-29,Meaño,Pontevedra,88,42.4529577,-8.7915587,0.0048,0
261003,2025-03-04,Cangas de Onís,Asturias,88,43.3136138,-5.0658503,0.9917,1
262488,2025-03-21,Llanes,Asturias,87,43.4211205,-4.7530835,0.9939,1
280777,2025-09-06,Aller,Asturias,83,43.1060163,-5.5808161,0.0010,0
278271,2025-07-23,Cualedro,Ourense,83,41.9885728,-7.593898,0.9934,1
275369,2025-07-23,Córdoba,Córdoba,83,37.8845813,-4.7760138,0.9840,1
273703,2025-07-07,Castellar de la Ribera,Lleida,81,42.022662,1.4161208,0.8812,1
255705,2025-02-21,Vega de Pas,Cantabria,80,43.1585436,-3.7821043,0.9931,1
279663,2025-08-23,Ceclavín,Cáceres,80,39.8224249,-6.7734102,0.9934,1
272775,2025-06-28,Barcarrota,Badajoz,79,38.5163049,-6.8492276,0.9931,1
280829,2025-08-30,Cabrillanes,León,78,42.95367,-6.147952,0.9907,1
274486,2025-07-11,Algeciras,Cádiz,77,36.1311725,-5.4473991,0.9806,1
267007,2025-03-31,Luyego,León,77,42.3430708,-6.2353512,0.9923,1
265021,2025-03-10,Miera,Cantabria,76,43.2754402,-3.7126373,0.9927,1
256803,2025-02-21,Selaya,Cantabria,76,43.216694,-3.806861,0.9940,1
278168,2025-07-28,Santiago del Teide,Tenerife,76,28.2957363,-16.8144779,0.2919,0
279039,2025-08-16,Cáceres,Cáceres,75,39.4745175,-6.3716761,0.9893,1
279216,2025-08-22,Vilaboa,Pontevedra,74,42.3433945,-8.6641497,0.9718,1
274048,2025-07-08,Torrequemada,Cáceres,73,39.3659135,-6.2210139,0.9922,1
274798,2025-07-17,Trigueros,Huelva,73,37.3830829,-6.834095,0.9885,1
280774,2025-09-04,Caso,Asturias,72,43.1747943,-5.3270258,0.9930,1
277931,2025-08-11,Villanueva de los Castillejos,Huelva,72,37.4992023,-7.2724576,0.9937,1
265481,2025-04-01,Luena,Cantabria,72,43.1117585,-3.9070384,0.9933,1
277106,2025-08-25,Fonsagrada, A,Lugo,72,43.1248311,-7.0676605,0.9925,1
264885,2025-03-20,Cabuérniga,Cantabria,71,43.2064824,-4.3050679,0.9940,1
265485,2025-04-02,Arenas de Iguña,Cantabria,70,43.1870286,-4.0496673,0.9938,1
276981,2025-08-03,Pedroñeras, Las,Cuenca,70,39.454367,-2.6769369,0.0026,0
282174,2025-09-20,Sober,Lugo,70,42.4618386,-7.5869336,0.9942,1
265246,2025-03-05,Orbaizeta,Navarra,70,42.9743136,-1.2301437,0.8836,1
267034,2025-03-20,Valdés,Asturias,69,43.4847858,-6.4693693,0.0044,0
253064,2025-02-06,Naut Aran,Lleida,69,42.7016601,0.9131665,0.9883,1
279306,2025-08-13,Pobra de Trives, A,Ourense,68,42.3405898,-7.2547833,0.9933,1
251745,2025-01-19,San Roque de Riomiera,Cantabria,67,43.2191046,-3.7200789,0.9899,1
279048,2025-08-17,Gallegos de Argañán,Salamanca,66,40.6310965,-6.7021817,0.9929,1
279664,2025-08-20,Gudiña, A,Ourense,65,42.0608496,-7.1324578,0.9926,1
279773,2025-08-28,Escurial,Cáceres,64,39.1682141,-5.8840442,0.9895,1
279259,2025-08-22,Oia,Pontevedra,64,42.031505,-8.8444098,0.9931,1
266780,2025-04-01,Baztan,Navarra,63,43.1628957,-1.4935352,0.9930,1
261663,2025-03-20,Cangas de Onís,Asturias,62,43.3136138,-5.0658503,0.9927,1
280770,2025-09-06,Urraul Alto,Navarra,61,42.7989649,-1.2166031,0.9892,1
278557,2025-08-14,Quirós,Asturias,61,43.1519207,-5.9732125,0.0112,0
276358,2025-07-25,Higuera de Llerena,Badajoz,60,38.3759654,-5.9985986,0.9934,1
265069,2025-03-07,Riotuerto,Cantabria,60,43.3326111,-3.6961004,0.9769,1
266838,2025-03-31,Cabuérniga,Cantabria,59,43.2064824,-4.3050679,0.9938,1
282469,2025-09-23,Pereruela,Zamora,59,41.415918,-5.8773739,0.9921,1
259889,2025-03-07,Vega de Pas,Cantabria,59,43.1585436,-3.7821043,0.0011,0
272938,2025-06-30,Ponga,Asturias,58,43.1873037,-5.1540872,0.9920,1
252410,2025-01-25,Tojos, Los,Cantabria,58,43.1532969,-4.2571942,0.9930,1
279772,2025-08-20,Escurial,Cáceres,58,39.1682141,-5.8840442,0.9930,1
267002,2025-04-01,Luena,Cantabria,58,43.1117585,-3.9070384,0.9933,1
278912,2025-08-14,Villa del Campo,Cáceres,57,40.1412528,-6.4277366,0.9927,1
281425,2025-09-13,Rociana del Condado,Huelva,57,37.3082195,-6.5978918,0.9937,1
278507,2025-08-13,Cangas del Narcea,Asturias,57,43.1774374,-6.5499784,0.1557,0
272115,2025-06-20,Chinchilla de Monte-Aragón,Albacete,56,None,None,-1.0000,0
266946,2025-04-01,Luena,Cantabria,56,43.1117585,-3.9070384,0.9933,1
281120,2025-09-14,Pozoblanco,Córdoba,56,38.3780204,-4.848573,0.9931,1
276058,2025-07-28,Salvaterra de Miño,Pontevedra,54,42.1081234,-8.4897937,0.9910,1
277951,2025-08-05,Fonsagrada, A,Lugo,54,43.1248311,-7.0676605,0.0041,0
268660,2025-04-18,Rionansa,Cantabria,53,43.2195449,-4.3955368,0.9937,1
272788,2025-06-28,Garrovillas de Alconétar,Cáceres,53,39.7131532,-6.5494403,0.9929,1
272529,2025-06-24,Montizón,Jaén,53,38.3421949,-3.1036044,0.9921,1
281916,2025-09-22,Pereruela,Zamora,53,41.415918,-5.8773739,0.1673,0
264988,2025-02-19,Selaya,Cantabria,52,43.216694,-3.806861,0.9940,1
277107,2025-08-02,Ponteceso,A Coruña,52,43.2428181,-8.9005051,0.0092,0
273560,2025-07-04,Chandrexa de Queixa,Ourense,52,42.2592799,-7.3776155,0.9911,1
278913,2025-08-18,Navasfrías,Salamanca,52,40.2959784,-6.8192419,0.9917,1
273525,2025-07-01,Andújar,Jaén,51,38.0392362,-4.0505603,0.9919,1
281368,2025-09-06,Topas,Salamanca,51,41.1574766,-5.6329809,0.9935,1
273303,2025-07-03,Tolva,Huesca,51,42.1149441,0.5650762,0.9930,1
264868,2025-03-20,Rionansa,Cantabria,50,43.2195449,-4.3955368,0.9941,1
272082,2025-06-19,Almonte,Huelva,50,37.2611686,-6.5175751,0.9934,1
267971,2025-03-05,Orbaizeta,Navarra,50,42.9743136,-1.2301437,0.8836,1
273396,2025-07-04,Carballeda de Valdeorras,Ourense,49,42.3439744,-6.8491007,0.9923,1
279417,2025-08-10,Vega de Espinareda,León,49,42.7265754,-6.6544374,0.9936,1
266989,2025-04-02,Espinosa de los Monteros,Burgos,48,43.0766376,-3.5520277,0.0009,0
272687,2025-06-26,Berja,Almería,48,36.8428832,-2.945818,0.9898,1
279666,2025-08-24,Molinaseca,León,48,42.5378376,-6.5204633,0.9923,1
277446,2025-08-05,Villayón,Asturias,48,43.4476896,-6.7046079,0.9692,1
281116,2025-09-10,Alhama de Granada,Granada,47,37.0028286,-3.9891096,0.9937,1
266883,2025-04-08,Molledo,Cantabria,47,43.15187,-4.0428,0.9938,1
280793,2025-08-26,Fonsagrada, A,Lugo,47,43.1248311,-7.0676605,0.9921,1
274509,2025-07-13,Talavera de la Reina,Toledo,46,39.9603798,-4.8311717,0.9656,1
277681,2025-08-05,Valdepeñas,Ciudad Real,46,38.7594573,-3.3847392,0.0021,0
266924,2025-04-10,Peñamellera Alta,Asturias,45,43.3105213,-4.7122719,0.9900,1
278867,2025-08-19,Guardia, La,Toledo,45,39.7861587,-3.4750404,0.9883,1
277109,2025-08-06,Camariñas,A Coruña,45,43.1310578,-9.1825585,0.8932,1
266484,2025-04-05,Baztan,Navarra,45,43.1628957,-1.4935352,0.0016,0
266913,2025-04-08,Cabrales,Asturias,45,43.2713716,-4.8296951,0.7570,1
279368,2025-08-20,Zalamea de la Serena,Badajoz,44,38.6495978,-5.6592697,0.9930,1
265018,2025-03-10,Miera,Cantabria,44,43.2754402,-3.7126373,0.9927,1
272094,2025-06-21,Villaviciosa de Córdoba,Córdoba,43,38.0756277,-5.0146332,0.9932,1
277333,2025-08-06,Robla, La,León,43,42.8042648,-5.6264219,0.9936,1
274508,2025-07-12,Cuéllar,Segovia,43,41.3997643,-4.3150702,0.9924,1
267176,2025-03-31,Lena,Asturias,43,43.1615692,-5.8281354,0.9933,1
261681,2025-03-04,Cangas de Onís,Asturias,42,43.3136138,-5.0658503,0.9917,1
266707,2025-04-08,Izagaondoa,Navarra,42,42.7280474,-1.4104668,0.9920,1
270823,2025-05-27,Moguer,Huelva,42,37.2746182,-6.8373527,0.9893,1
265070,2025-03-07,Riotuerto,Cantabria,42,43.3326111,-3.6961004,0.9769,1
264909,2025-03-29,Corrales de Buelna, Los,Cantabria,42,43.2625976,-4.0544987,0.9931,1
265484,2025-04-01,Luena,Cantabria,42,43.1117585,-3.9070384,0.9933,1
279801,2025-08-15,Casas de Don Pedro,Badajoz,41,39.1050329,-5.3287379,0.9928,1
267175,2025-03-31,Lena,Asturias,41,43.1615692,-5.8281354,0.9933,1
278950,2025-08-17,Muelas del Pan,Zamora,41,41.5223667,-5.9684562,0.9933,1
280737,2025-09-04,Cartaya,Huelva,41,37.2829111,-7.1545752,0.9928,1
282168,2025-09-20,Fonsagrada, A,Lugo,41,43.1248311,-7.0676605,0.9931,1
279348,2025-08-12,Arroyomolinos de León,Huelva,40,38.0235708,-6.4224907,0.9926,1
279308,2025-08-18,Riós,Ourense,40,41.9754084,-7.2665824,0.9932,1
278273,2025-08-12,Colmenar Viejo,Madrid,40,40.6588647,-3.7659022,0.0018,0
272831,2025-06-25,Berge,Teruel,40,40.8577139,-0.4271096,0.9934,1
278512,2025-08-16,Ponga,Asturias,39,43.1873037,-5.1540872,0.9926,1
281430,2025-09-14,Villares del Saz,Cuenca,39,39.8405925,-2.5052703,0.9932,1
265020,2025-03-31,San Roque de Riomiera,Cantabria,39,43.2191046,-3.7200789,0.9937,1
282153,2025-09-22,Cantillana,Sevilla,38,37.6088766,-5.8244449,0.9943,1
279779,2025-08-29,Loranca de Tajuña,Guadalajara,38,40.4478562,-3.1160668,0.9928,1
276353,2025-07-30,Usagre,Badajoz,38,38.3555001,-6.1647163,0.9929,1
281041,2025-09-11,Higuera de la Sierra,Huelva,38,37.8365154,-6.4478855,0.9933,1
276563,2025-08-01,Escacena del Campo,Huelva,38,37.4088438,-6.3896302,0.9944,1
271980,2025-06-17,Mérida,Badajoz,38,38.9174665,-6.3443977,0.9924,1
276362,2025-07-31,Cáceres,Cáceres,37,39.4745175,-6.3716761,0.9515,1
281165,2025-09-05,Mezquita, A,Ourense,37,42.0444565,-7.0192944,0.9927,1
281115,2025-09-13,Alcaucín,Málaga,36,36.9025563,-4.1140053,0.9932,1
266844,2025-04-04,Arenas de Iguña,Cantabria,36,43.1870286,-4.0496673,0.9936,1
268834,2025-04-28,Soba,Cantabria,36,43.1915054,-3.5623672,0.9934,1
265471,2025-04-01,Luzaide / Valcarlos,Navarra,36,43.0926454,-1.3017388,0.9927,1
278854,2025-08-18,Brañosera,Palencia,35,42.9360092,-4.3076006,0.9920,1
273156,2025-07-02,Mezquita, A,Ourense,35,42.0444565,-7.0192944,0.0016,0
254787,2025-02-19,Selaya,Cantabria,34,43.216694,-3.806861,0.9940,1
266435,2025-04-01,Soba,Cantabria,34,43.1915054,-3.5623672,0.9932,1
268664,2025-04-11,Cieza,Cantabria,34,43.2230443,-4.1248734,0.9919,1
276909,2025-08-01,Lousame,A Coruña,34,42.7733607,-8.8329571,0.0066,0
277900,2025-08-09,Padrenda,Ourense,33,42.119224,-8.1557789,0.9215,1
279358,2025-08-20,Puebla de Cazalla, La,Sevilla,33,37.1170166,-5.2022521,0.9931,1
279673,2025-08-14,Alberca, La,Salamanca,33,40.4922155,-6.1029079,0.9927,1
278909,2025-08-18,Benquerencia de la Serena,Badajoz,33,38.6994635,-5.4952776,0.9929,1
276716,2025-08-02,Porto do Son,A Coruña,32,43.3560593,-8.4050559,0.9639,1
273847,2025-07-03,Zarza de Granadilla,Cáceres,32,40.2369055,-6.0471736,0.7983,1
279208,2025-08-12,Cartelle,Ourense,32,42.2378413,-8.0327765,0.9927,1
271579,2025-06-16,Trujillo,Cáceres,32,39.4605657,-5.8816626,0.9929,1
279211,2025-08-16,San Cibrao das Viñas,Ourense,32,42.2964763,-7.8723141,0.9917,1
265133,2025-03-07,Luena,Cantabria,31,43.1117585,-3.9070384,0.0014,0
276072,2025-07-30,Tomiño,Pontevedra,31,41.9960109,-8.731412,0.1335,0
270174,2025-04-29,Cudillero,Asturias,31,43.5433575,-6.1936313,0.9943,1
256031,2025-02-20,Orbaizeta,Navarra,31,42.9743136,-1.2301437,0.0427,0
277962,2025-08-11,Murillo el Fruto,Navarra,31,42.3909899,-1.4599999,0.9931,1
255940,2025-02-20,Bertizarana,Navarra,31,43.1353585,-1.6302374,0.9920,1
280113,2025-08-17,Alfoz de Quintanadueñas,Burgos,30,42.4086943,-3.7497753,0.9793,1
279806,2025-08-13,Aldea del Rey,Ciudad Real,30,38.7380137,-3.8391468,0.9933,1
261743,2025-03-17,Luzaide / Valcarlos,Navarra,30,43.0926454,-1.3017388,0.9930,1
265444,2025-04-02,Merindad de Sotoscueva,Burgos,30,43.0374533,-3.6287009,0.9928,1
272232,2025-06-11,Zalamea la Real,Huelva,30,37.6793659,-6.6605705,0.9931,1
272195,2025-06-22,Pinell de Solsonès,Lleida,30,41.9708511,1.3998691,0.9929,1
256030,2025-02-16,Jaurrieta,Navarra,29,42.8871323,-1.1361277,0.9903,1
271867,2025-06-12,Torre de Juan Abad,Ciudad Real,29,38.5845739,-3.0609335,0.9928,1
277108,2025-08-05,Ponteceso,A Coruña,29,43.2428181,-8.9005051,0.9042,1
275138,2025-07-19,Villena,Alicante/Alacant,29,38.6360967,-0.8659745,0.9908,1
267967,2025-04-01,Aria,Navarra,29,42.9529822,-1.2664583,0.0013,0
270824,2025-05-26,Moguer,Huelva,29,37.2746182,-6.8373527,0.9899,1
266970,2025-04-08,San Pedro del Romeral,Cantabria,29,43.115382,-3.8184121,0.9928,1
257695,2025-02-19,Villacarriedo,Cantabria,29,43.2306206,-3.8049489,0.9938,1
265084,2025-03-07,Penagos,Cantabria,28,43.3413728,-3.8068404,0.9446,1
265041,2025-03-07,Miera,Cantabria,28,43.2754402,-3.7126373,0.8441,1
275528,2025-07-22,Jun,Granada,28,37.2217446,-3.5942908,0.9585,1
256049,2025-02-19,Sunbilla,Navarra,28,43.1640996,-1.6710173,0.9933,1
264860,2025-03-19,Peñamellera Alta,Asturias,28,43.3105213,-4.7122719,0.9931,1
276560,2025-08-03,Gerena,Sevilla,28,37.5293784,-6.1556433,0.9831,1
279702,2025-09-01,Gibraleón,Huelva,28,37.3746324,-6.9690748,0.9872,1
264561,2025-03-10,Baztan,Navarra,27,43.1628957,-1.4935352,0.9921,1
265028,2025-03-10,Santa María de Cayón,Cantabria,27,43.30976,-3.85548,0.9831,1
266430,2025-03-31,Soba,Cantabria,27,43.1915054,-3.5623672,0.9933,1
277913,2025-08-06,Fonsagrada, A,Lugo,27,43.1248311,-7.0676605,0.0664,0
267017,2025-04-07,Soba,Cantabria,27,43.1915054,-3.5623672,0.9926,1
282177,2025-09-20,Pantón,Lugo,27,42.5085938,-7.6423646,0.9941,1
264999,2025-02-21,Selaya,Cantabria,27,43.216694,-3.806861,0.9940,1
266998,2025-04-09,Vega de Pas,Cantabria,26,43.1585436,-3.7821043,0.9928,1
265144,2025-03-20,Cangas de Onís,Asturias,26,43.3136138,-5.0658503,0.9927,1
277448,2025-07-28,Villafranca del Bierzo,León,26,42.605583,-6.8111675,0.9931,1
254790,2025-02-16,Selaya,Cantabria,26,43.216694,-3.806861,0.9941,1
266850,2025-03-31,Cabuérniga,Cantabria,26,43.2064824,-4.3050679,0.9938,1
252891,2025-01-25,Luena,Cantabria,26,43.1117585,-3.9070384,0.9940,1
275532,2025-07-25,Andújar,Jaén,26,38.0392362,-4.0505603,0.9928,1
257712,2025-02-19,Saro,Cantabria,25,43.2598232,-3.8424627,0.9922,1
266880,2025-04-04,Molledo,Cantabria,25,43.15187,-4.0428,0.9938,1
268686,2025-04-11,Ruesga,Cantabria,25,43.2949477,-3.5375132,0.9910,1
257762,2025-02-19,Les,Lleida,25,42.8126854,0.7118311,0.9929,1
265479,2025-04-01,San Pedro del Romeral,Cantabria,25,43.115382,-3.8184121,0.9935,1
267050,2025-04-01,Ruesga,Cantabria,25,43.2949477,-3.5375132,0.9931,1
266833,2025-04-09,Onís,Asturias,25,43.2959886,-4.9714143,0.9854,1
266858,2025-04-01,Corrales de Buelna, Los,Cantabria,24,43.2625976,-4.0544987,0.9928,1
266960,2025-04-01,Luena,Cantabria,24,43.1117585,-3.9070384,0.9933,1
254798,2025-02-19,San Roque de Riomiera,Cantabria,24,43.2191046,-3.7200789,0.9931,1
257451,2025-02-20,Villacarriedo,Cantabria,24,43.2306206,-3.8049489,0.9933,1
266429,2025-04-08,Soba,Cantabria,24,43.1915054,-3.5623672,0.9901,1
266703,2025-04-01,Belmonte de Miranda,Asturias,24,43.2730601,-6.2613944,0.9582,1
277657,2025-08-07,Pontes de García Rodríguez, As,A Coruña,24,43.438943,-7.863266,0.9778,1
268555,2025-04-24,Maceda,Ourense,24,42.2708159,-7.6508391,0.9924,1
266832,2025-04-09,Aller,Asturias,24,43.1060163,-5.5808161,0.9906,1
252296,2025-01-19,Pías,Zamora,24,42.0919273,-6.9934658,0.9891,1
271984,2025-06-18,Peraleda del Zaucejo,Badajoz,24,38.4741788,-5.5645445,0.9933,1
271439,2025-06-09,Arroyo de la Luz,Cáceres,24,39.4840338,-6.5845773,0.9931,1
255941,2025-02-19,Luzaide / Valcarlos,Navarra,24,43.0926454,-1.3017388,0.9928,1
279421,2025-08-13,Santa Colomba de Curueño,León,24,42.751273,-5.4127086,0.9930,1
257440,2025-02-21,Arredondo,Cantabria,23,43.274538,-3.6017743,0.9924,1
264985,2025-03-14,Luena,Cantabria,23,43.1117585,-3.9070384,0.9941,1
282271,2025-09-24,Villanueva de la Serena,Badajoz,23,38.9736819,-5.8003669,0.9912,1
264026,2025-03-20,Morcín,Asturias,23,43.2669129,-5.900945,0.9875,1
274817,2025-07-15,Olivenza,Badajoz,23,38.6854813,-7.0995738,0.9935,1
251245,2025-01-15,Cabrillanes,León,22,42.95367,-6.147952,0.9910,1
281039,2025-09-06,Chillón,Ciudad Real,22,38.7967523,-4.8669119,0.9933,1
266700,2025-03-31,Hermisende,Zamora,22,41.9688114,-6.8955455,0.9920,1
278491,2025-08-16,Trujillo,Cáceres,22,39.4605657,-5.8816626,0.9923,1
270543,2025-05-22,Quintana del Castillo,León,22,42.6609431,-6.0467428,0.0135,0
279713,2025-08-29,Don Benito,Badajoz,22,38.9540269,-5.8619466,0.9920,1
266990,2025-04-08,Vega de Pas,Cantabria,22,43.1585436,-3.7821043,0.9924,1
279191,2025-08-22,Coaña,Asturias,22,43.5126258,-6.7610106,0.5215,1
275122,2025-07-16,Santos de Maimona, Los,Badajoz,22,38.449746,-6.3615125,0.9929,1
265073,2025-03-03,Entrambasaguas,Cantabria,22,43.3776292,-3.6823116,0.9885,1
279258,2025-08-15,Chantada,Lugo,22,42.6096223,-7.7705862,0.0036,0
268685,2025-04-01,Soba,Cantabria,21,43.1915054,-3.5623672,0.9932,1
281431,2025-09-06,Ponga,Asturias,21,43.1873037,-5.1540872,0.9929,1
271438,2025-06-07,Salorino,Cáceres,21,39.4780671,-7.0102658,0.9934,1
279765,2025-08-28,Almonacid de Toledo,Toledo,21,39.7538204,-3.8543691,0.6566,1
266843,2025-04-09,Arenas de Iguña,Cantabria,21,43.1870286,-4.0496673,0.9941,1
251237,2025-01-02,Villacarriedo,Cantabria,21,43.2306206,-3.8049489,0.9499,1
265454,2025-04-01,Luena,Cantabria,21,43.1117585,-3.9070384,0.9933,1
277922,2025-08-11,Verín,Ourense,20,41.9406091,-7.4406032,0.9933,1
251855,2025-01-16,Villacarriedo,Cantabria,20,43.2306206,-3.8049489,0.9937,1
264554,2025-03-05,Baztan,Navarra,20,43.1628957,-1.4935352,0.9876,1
275530,2025-07-25,Úbeda,Jaén,20,38.0111398,-3.3719098,0.9930,1
279775,2025-08-20,Aldea del Fresno,Madrid,20,40.3215212,-4.19936,0.9960,1
276930,2025-08-01,Astudillo,Palencia,20,42.1927215,-4.2938662,0.0058,0
277105,2025-08-05,Mondariz,Pontevedra,20,42.2329417,-8.4548756,0.9794,1
264987,2025-03-10,Vega de Pas,Cantabria,20,43.1585436,-3.7821043,0.9931,1
264979,2025-03-31,Corvera de Toranzo,Cantabria,20,43.2161496,-3.9620953,0.9938,1
275055,2025-07-19,Arroyomolinos,Madrid,20,40.2729225,-3.9157978,0.9531,1
279600,2025-08-15,Vega de Valcarce,León,20,42.6644368,-6.9454103,0.9926,1
265142,2025-03-20,Piloña,Asturias,20,43.3340915,-5.331035,0.9935,1
281352,2025-09-15,Puertollano,Ciudad Real,20,38.6852161,-4.1111749,0.9921,1
276214,2025-07-27,Carballedo,Lugo,20,42.530768,-7.8055203,0.9922,1
267051,2025-04-01,Arredondo,Cantabria,20,43.274538,-3.6017743,0.9931,1
251734,2025-01-17,Aller,Asturias,19,43.1060163,-5.5808161,0.9921,1
266644,2025-04-01,Peñamellera Baja,Asturias,19,43.3086006,-4.5862926,0.5921,1
266646,2025-04-01,Lena,Asturias,19,43.1615692,-5.8281354,0.3717,0
276350,2025-07-31,Cerro de Andévalo, El,Huelva,19,37.7334975,-6.9384854,0.9928,1
265089,2025-03-07,Riotuerto,Cantabria,19,43.3326111,-3.6961004,0.9769,1
281663,2025-09-16,Ujué / Uxue,Navarra,19,42.5061582,-1.499409,0.9934,1
273563,2025-07-04,Boiro,A Coruña,19,42.6462941,-8.8858718,0.6857,1
278868,2025-08-08,Huerce, La,Guadalajara,19,41.1527065,-3.1701284,0.9915,1
278917,2025-08-17,Alburquerque,Badajoz,19,39.2190169,-6.9999295,0.9925,1
273528,2025-07-03,Badajoz,Badajoz,19,38.878187,-6.9701115,0.0056,0
281424,2025-09-13,Bonares,Huelva,19,37.3214037,-6.683161,0.9940,1
281128,2025-09-14,Miajadas,Cáceres,19,39.1501902,-5.9090558,0.9936,1
254789,2025-02-16,Vega de Pas,Cantabria,19,43.1585436,-3.7821043,0.9932,1
279814,2025-08-26,Tineo,Asturias,19,43.333974,-6.4165462,0.9929,1
277330,2025-08-03,Valdelacalzada,Badajoz,19,38.8900118,-6.7011669,0.9931,1
271662,2025-06-16,Chinchilla de Monte-Aragón,Albacete,19,None,None,-1.0000,0
277916,2025-08-10,Estrada, A,Pontevedra,18,42.1741006,-8.5065713,0.9903,1
267068,2025-04-01,Valdeprado del Río,Cantabria,18,42.875519,-4.0926302,0.0016,0
275861,2025-07-22,Foradada del Toscar,Huesca,18,42.4099476,0.350978,0.9936,1
268663,2025-04-05,Tudanca,Cantabria,18,43.15226,-4.3728,0.7150,1
271585,2025-06-14,Cadaqués,Girona,18,42.2893484,3.2752159,0.9927,1
281372,2025-09-14,Moral de Sayago,Zamora,18,41.4725316,-6.1010812,0.9935,1
251240,2025-01-02,Miera,Cantabria,18,43.2754402,-3.7126373,0.9932,1
276071,2025-07-29,Fornelos de Montes,Pontevedra,18,42.3278337,-8.4353139,0.0031,0
254788,2025-02-18,San Roque de Riomiera,Cantabria,18,43.2191046,-3.7200789,0.9935,1
282158,2025-09-25,Dozón,Pontevedra,18,42.5950221,-8.0473457,0.9918,1
271436,2025-06-05,Alange,Badajoz,18,38.7851386,-6.2472718,0.9929,1
257724,2025-01-10,Miera,Cantabria,18,43.2754402,-3.7126373,0.9936,1
256810,2025-02-26,Sant Carles de la Ràpita,Tarragona,18,40.6178149,0.5900091,0.9895,1
255836,2025-01-27,Castillejo de Martín Viejo,Salamanca,18,40.7010553,-6.645907,0.9927,1
281591,2025-09-21,Villanueva de la Serena,Badajoz,18,38.9736819,-5.8003669,0.9919,1
282163,2025-09-16,Cangas del Narcea,Asturias,18,43.1774374,-6.5499784,0.9932,1
279189,2025-08-15,Muxía,A Coruña,18,43.1071193,-9.2181926,0.9448,1
266992,2025-04-08,Vega de Pas,Cantabria,18,43.1585436,-3.7821043,0.9924,1
279407,2025-08-16,Caso,Asturias,18,43.1747943,-5.3270258,0.1553,0
264847,2025-04-01,Lena,Asturias,18,43.1615692,-5.8281354,0.3717,0
279370,2025-08-18,Valle de Hecho,Huesca,18,42.7307349,-0.7327873,0.9916,1
266871,2025-03-31,Mazcuerras,Cantabria,18,43.29764,-4.20947,0.9931,1
271067,2025-06-04,Zaragoza,Zaragoza,18,41.6521342,-0.8809428,0.9500,1
277677,2025-08-10,Mérida,Badajoz,17,38.9174665,-6.3443977,0.9925,1
257341,2025-02-06,Lama, A,Pontevedra,17,42.445646,-8.4036413,0.8370,1
276922,2025-08-03,Vilalba,Lugo,17,43.2962819,-7.6787671,0.9493,1
266753,2025-03-31,Baztan,Navarra,17,43.1628957,-1.4935352,0.9932,1
257444,2025-02-21,Miera,Cantabria,17,43.2754402,-3.7126373,0.9935,1
268906,2025-04-01,Cangas de Onís,Asturias,17,43.3136138,-5.0658503,0.8778,1
264898,2025-03-06,Valdáliga,Cantabria,17,43.3301421,-4.3518153,0.9950,1
267044,2025-04-01,Ruesga,Cantabria,17,43.2949477,-3.5375132,0.9931,1
267069,2025-04-10,Valdeprado del Río,Cantabria,17,42.875519,-4.0926302,0.9918,1
279665,2025-08-23,Alcántara,Cáceres,17,39.7206785,-6.8869875,0.9933,1
273632,2025-07-04,Boiro,A Coruña,17,42.6462941,-8.8858718,0.6857,1
277104,2025-08-03,Vilar de Barrio,Ourense,17,42.1602913,-7.611113,0.9936,1
272191,2025-06-20,Os de Balaguer,Lleida,17,41.8713099,0.7193399,0.9925,1
268650,2025-04-27,Porto,Zamora,17,42.167526,-6.8987704,0.9903,1
276945,2025-08-03,Cádiar,Granada,17,36.9462307,-3.1802705,0.9885,1
254809,2025-02-19,Baztan,Navarra,17,43.1628957,-1.4935352,0.9926,1
265044,2025-03-07,Miera,Cantabria,16,43.2754402,-3.7126373,0.8441,1
266925,2025-02-21,Cillorigo de Liébana,Cantabria,16,43.2076777,-4.6122569,0.9937,1
266778,2025-04-01,Baztan,Navarra,16,43.1628957,-1.4935352,0.9930,1
268672,2025-04-01,Luena,Cantabria,16,43.1117585,-3.9070384,0.9933,1
268657,2025-04-28,Cudillero,Asturias,16,43.5433575,-6.1936313,0.9943,1
276907,2025-08-04,Fisterra,A Coruña,16,42.9064771,-9.263789,0.8337,1
281350,2025-09-15,Almoguera,Guadalajara,16,40.2968314,-2.9844461,0.9930,1
265469,2025-04-02,Baztan,Navarra,16,43.1628957,-1.4935352,0.9928,1
265457,2025-04-02,Amieva,Asturias,16,43.2450993,-5.0730662,0.0570,0
274973,2025-07-16,Baños de la Encina,Jaén,16,38.1710134,-3.7744639,0.9917,1
267004,2025-04-01,Corvera de Toranzo,Cantabria,16,43.2161496,-3.9620953,0.9938,1
267022,2025-04-07,Soba,Cantabria,16,43.1915054,-3.5623672,0.9926,1
268785,2025-04-09,Erro,Navarra,16,42.9631627,-1.4154255,0.9927,1
265488,2025-04-01,Caso,Asturias,16,43.1747943,-5.3270258,0.6135,1
279307,2025-08-14,Montederramo,Ourense,16,42.2752812,-7.5027103,0.9921,1
281167,2025-09-08,Chandrexa de Queixa,Ourense,16,42.2592799,-7.3776155,0.9912,1
266779,2025-04-01,Baztan,Navarra,16,43.1628957,-1.4935352,0.9930,1
279369,2025-08-20,Peñarroya-Pueblonuevo,Córdoba,16,38.3026178,-5.2714828,0.9927,1
271223,2025-06-09,Puerto Real,Cádiz,16,36.5286856,-6.1902161,0.9611,1
266436,2025-03-10,Castro-Urdiales,Cantabria,16,43.3843347,-3.2162576,0.9792,1
264861,2025-03-19,Llanes,Asturias,15,43.4211205,-4.7530835,0.9939,1
265486,2025-04-01,Caso,Asturias,15,43.1747943,-5.3270258,0.6135,1
267936,2025-03-13,Bera,Navarra,15,43.2813278,-1.6796472,0.9910,1
273871,2025-07-01,Plasencia,Cáceres,15,40.029921,-6.090168,0.9907,1
275860,2025-07-21,Anento,Zaragoza,15,41.0700726,-1.3333288,0.0013,0
275179,2025-07-21,Casares,Málaga,15,36.4433477,-5.2728863,0.9930,1
277960,2025-08-11,Navalmoral,Ávila,15,40.4602967,-4.7662162,0.9923,1
266645,2025-04-05,Parres,Asturias,15,43.3588207,-5.1846557,0.9639,1
278914,2025-08-12,Casares de las Hurdes,Cáceres,15,40.4401453,-6.2883001,0.9922,1
264549,2025-03-05,Leitza,Navarra,15,43.0806959,-1.9163064,0.9928,1
270551,2025-05-22,Almería,Almería,15,36.8414197,-2.4628135,0.9672,1
266956,2025-03-31,Campoo de Yuso,Cantabria,15,43.030583,-3.9893084,0.9934,1
279362,2025-08-22,Cartagena,Murcia,15,37.6155018,-0.987511,0.9810,1
279364,2025-08-06,Constantina,Sevilla,15,37.87757,-5.62185,0.9928,1
264584,2025-03-05,Baztan,Navarra,15,43.1628957,-1.4935352,0.9876,1
266987,2025-04-10,Vega de Pas,Cantabria,15,43.1585436,-3.7821043,0.9925,1
275180,2025-07-19,Villarrubia de los Ojos,Ciudad Real,15,39.2181465,-3.6070212,0.9934,1
268902,2025-04-30,Ponga,Asturias,14,43.1873037,-5.1540872,0.1317,0
267030,2025-04-01,Soba,Cantabria,14,43.1915054,-3.5623672,0.9932,1
274493,2025-07-09,Plasencia,Cáceres,14,40.029921,-6.090168,0.9905,1
279672,2025-08-09,Ciudad Rodrigo,Salamanca,14,40.5973921,-6.5335182,0.5083,1
272117,2025-06-21,Sant Esteve Sesrovires,Barcelona,14,41.4932429,1.8747348,0.9221,1
266974,2025-04-08,Luena,Cantabria,14,43.1117585,-3.9070384,0.9939,1
265455,2025-04-01,San Pedro del Romeral,Cantabria,14,43.115382,-3.8184121,0.9935,1
265011,2025-02-19,Vega de Pas,Cantabria,14,43.1585436,-3.7821043,0.9930,1
277006,2025-08-03,Argés,Toledo,14,39.8062915,-4.056902,0.6423,1
254209,2025-02-06,Tudanca,Cantabria,14,43.15226,-4.3728,0.9929,1
267055,2025-04-01,Voto,Cantabria,14,43.3467008,-3.5109605,0.9935,1
268620,2025-04-11,Aller,Asturias,14,43.1060163,-5.5808161,0.9892,1
281131,2025-09-13,Alhambra,Ciudad Real,14,38.8995809,-3.0528676,0.9936,1
273711,2025-07-03,Cabra,Córdoba,14,37.4718153,-4.4335616,0.9912,1
279367,2025-08-18,Torrente de Cinca,Huesca,13,41.4731356,0.3348933,0.9934,1
264907,2025-03-20,Ruente,Cantabria,13,43.2586842,-4.2673241,0.9941,1
275909,2025-07-29,Casar de Escalona, El,Toledo,13,40.0659782,-4.5195347,0.9928,1
266576,2025-04-08,Baztan,Navarra,13,43.1628957,-1.4935352,0.9927,1
268690,2025-04-10,Vega de Pas,Cantabria,13,43.1585436,-3.7821043,0.9925,1
277452,2025-08-06,Carataunas,Granada,13,36.9229148,-3.4083624,0.9891,1
276401,2025-07-29,Torrejoncillo,Cáceres,13,39.8965404,-6.466299,0.9910,1
266565,2025-04-01,Baztan,Navarra,13,43.1628957,-1.4935352,0.9930,1
266958,2025-03-31,Luena,Cantabria,13,43.1117585,-3.9070384,0.9935,1
272486,2025-06-23,Senés,Almería,13,37.2034892,-2.3444627,0.9915,1
265039,2025-03-10,Miera,Cantabria,13,43.2754402,-3.7126373,0.9927,1
275135,2025-07-15,San Martín de Pusa,Toledo,13,39.7826821,-4.6336085,0.9937,1
276349,2025-07-29,Berja,Almería,13,36.8428832,-2.945818,0.9900,1
266434,2025-04-01,Soba,Cantabria,13,43.1915054,-3.5623672,0.9932,1
264883,2025-03-20,Cabuérniga,Cantabria,13,43.2064824,-4.3050679,0.9940,1
266658,2025-04-01,Valdelugueros,León,13,42.9779071,-5.4172489,0.9927,1
251856,2025-01-19,Ruente,Cantabria,13,43.2586842,-4.2673241,0.9944,1
267062,2025-04-10,Karrantza Harana / Valle de Carranza,Bizkaia,13,43.2057433,-3.3639367,0.9940,1
266959,2025-04-09,Luena,Cantabria,13,43.1117585,-3.9070384,0.9937,1
276212,2025-07-29,Carballeda de Avia,Ourense,13,42.3208186,-8.1648727,0.0042,0
264579,2025-03-10,Baztan,Navarra,13,43.1628957,-1.4935352,0.9921,1
274484,2025-07-14,Paradela,Lugo,13,42.764594,-7.567601,0.9428,1
281631,2025-09-18,Yernes y Tameza,Asturias,12,43.2603086,-6.1055773,0.0091,0
272248,2025-06-21,Taramundi,Asturias,12,43.3605685,-7.1088221,0.6359,1
281373,2025-09-12,Melgar de Tera,Zamora,12,41.965762,-6.0141347,0.9931,1
272772,2025-06-25,Aznalcóllar,Sevilla,12,37.5193459,-6.2716793,0.9829,1
253249,2025-02-06,Serranillos,Ávila,12,40.3370385,-4.9110018,0.9931,1
280780,2025-09-04,Toreno,León,12,42.6965966,-6.5127579,0.9923,1
267029,2025-04-10,Soba,Cantabria,12,43.1915054,-3.5623672,0.9916,1
268658,2025-04-28,Cudillero,Asturias,12,43.5433575,-6.1936313,0.9943,1
266836,2025-04-05,Rionansa,Cantabria,12,43.2195449,-4.3955368,0.9882,1
277897,2025-08-10,Vilalba,Lugo,12,43.2962819,-7.6787671,0.9873,1
273845,2025-07-05,Esparragosa de Lares,Badajoz,12,38.9744429,-5.2685101,0.9928,1
265483,2025-04-01,San Pedro del Romeral,Cantabria,12,43.115382,-3.8184121,0.9935,1
252952,2025-01-13,Arenas de Iguña,Cantabria,12,43.1870286,-4.0496673,0.9941,1
276226,2025-07-29,Lalín,Pontevedra,12,42.6614127,-8.1109759,0.0019,0
251220,2025-01-02,Lena,Asturias,11,43.1615692,-5.8281354,0.9940,1
267969,2025-03-31,Garralda,Navarra,11,42.9472388,-1.2881182,0.9928,1
266837,2025-04-05,Rionansa,Cantabria,11,43.2195449,-4.3955368,0.9882,1
254797,2025-02-16,San Roque de Riomiera,Cantabria,11,43.2191046,-3.7200789,0.9933,1
264997,2025-02-21,Selaya,Cantabria,11,43.216694,-3.806861,0.9940,1
275921,2025-07-26,Ribas de Sil,Lugo,11,42.4292881,-7.2643601,0.9937,1
267013,2025-04-01,Vega de Pas,Cantabria,11,43.1585436,-3.7821043,0.9930,1
266859,2025-04-01,Corrales de Buelna, Los,Cantabria,11,43.2625976,-4.0544987,0.9928,1
276721,2025-08-02,Carballo,A Coruña,11,43.2134123,-8.6891286,0.0024,0
264897,2025-03-06,Valdáliga,Cantabria,11,43.3301421,-4.3518153,0.9950,1
270203,2025-04-29,Onís,Asturias,11,43.2959886,-4.9714143,0.9911,1
265480,2025-04-01,San Pedro del Romeral,Cantabria,11,43.115382,-3.8184121,0.9935,1
264865,2025-03-19,Herrerías,Cantabria,11,43.3081749,-4.4683661,0.9941,1
266821,2025-03-31,Bande,Ourense,11,42.0316148,-7.9749081,0.2132,0
267974,2025-04-01,Orbaizeta,Navarra,11,42.9743136,-1.2301437,0.0010,0
278918,2025-08-17,Miajadas,Cáceres,11,39.1501902,-5.9090558,0.1026,0
278570,2025-08-16,Toques,A Coruña,11,42.9692524,-7.955717,0.9829,1
266649,2025-04-01,Lena,Asturias,11,43.1615692,-5.8281354,0.3717,0
266777,2025-04-01,Baztan,Navarra,11,43.1628957,-1.4935352,0.9930,1
277328,2025-08-04,Aljaraque,Huelva,11,37.2664912,-7.0246859,0.9814,1
266826,2025-03-26,Oia,Pontevedra,11,42.031505,-8.8444098,0.9915,1
282161,2025-09-18,Becerreá,Lugo,11,42.8544959,-7.1616043,0.9929,1
270830,2025-05-26,Zarza, La,Badajoz,11,38.8187552,-6.2188041,0.9926,1
266886,2025-04-08,Molledo,Cantabria,11,43.15187,-4.0428,0.9938,1
268673,2025-04-09,Vega de Pas,Cantabria,11,43.1585436,-3.7821043,0.9928,1
279212,2025-08-17,San Cibrao das Viñas,Ourense,11,42.2964763,-7.8723141,0.9917,1
266426,2025-03-31,Galende,Zamora,11,42.1051925,-6.6622276,0.9909,1
279849,2025-08-16,Padul,Granada,11,37.0222913,-3.6274938,0.9893,1
266831,2025-03-26,Carnota,A Coruña,10,42.821959,-9.0878032,0.9916,1
277928,2025-08-11,Villamiel,Cáceres,10,40.1870837,-6.7837201,0.9838,1
272386,2025-06-23,Almodóvar del Campo,Ciudad Real,10,38.7083953,-4.1760555,0.9886,1
261691,2025-03-03,Cangas de Onís,Asturias,10,43.3136138,-5.0658503,0.9924,1
266996,2025-04-01,Luena,Cantabria,10,43.1117585,-3.9070384,0.9933,1
275050,2025-07-19,Cañamero,Cáceres,10,39.3801055,-5.3892464,0.9931,1
255719,2025-02-21,Cieza,Cantabria,10,43.2230443,-4.1248734,0.9928,1
270202,2025-04-09,Llanes,Asturias,10,43.4211205,-4.7530835,0.9943,1
254191,2025-02-06,Fornelos de Montes,Pontevedra,10,42.3278337,-8.4353139,0.9854,1
267018,2025-04-01,Soba,Cantabria,10,43.1915054,-3.5623672,0.9932,1
277112,2025-08-03,Vilalba,Lugo,10,43.2962819,-7.6787671,0.9493,1
266975,2025-04-09,San Pedro del Romeral,Cantabria,10,43.115382,-3.8184121,0.9927,1
271663,2025-06-14,Aldea del Fresno,Madrid,10,40.3215212,-4.19936,0.9955,1
267056,2025-03-31,Ruesga,Cantabria,10,43.2949477,-3.5375132,0.9931,1
264983,2025-03-08,Luena,Cantabria,10,43.1117585,-3.9070384,0.0053,0
266643,2025-04-09,Zubieta,Navarra,10,43.1249707,-1.742525,0.9939,1
261007,2025-03-04,Piloña,Asturias,10,43.3340915,-5.331035,0.9934,1
264852,2025-03-19,Peñamellera Alta,Asturias,10,43.3105213,-4.7122719,0.9931,1
264854,2025-03-21,Llanes,Asturias,10,43.4211205,-4.7530835,0.9939,1
268666,2025-04-05,Cabuérniga,Cantabria,10,43.2064824,-4.3050679,0.9820,1
267132,2025-03-27,Veiga, A,Ourense,10,42.1378213,-7.9300289,0.9935,1
279257,2025-08-15,Palas de Rei,Lugo,10,42.8739125,-7.8697964,0.9860,1
254029,2025-02-06,Truchas,León,10,42.2856851,-6.3775157,0.9925,1
279503,2025-08-13,Manzaneda,Ourense,10,42.3098629,-7.2350007,0.9931,1
266577,2025-04-08,Baztan,Navarra,10,43.1628957,-1.4935352,0.9927,1
266820,2025-03-31,Verea,Ourense,10,42.1000133,-7.9836179,0.0893,0
251739,2025-01-15,Sobrescobio,Asturias,9,43.193854,-5.4622399,0.9926,1
279766,2025-08-13,Don Benito,Badajoz,9,38.9540269,-5.8619466,0.9917,1
256035,2025-02-19,Beintza-Labaien,Navarra,9,43.1061775,-1.7367901,0.9937,1
270831,2025-05-28,Higueruela,Albacete,9,38.9643114,-1.4443612,0.9929,1
282208,2025-09-18,Ponga,Asturias,9,43.1873037,-5.1540872,0.0014,0
266830,2025-04-01,Mazaricos,A Coruña,9,42.92795,-8.9941429,0.8271,1
276918,2025-08-03,Meaño,Pontevedra,9,42.4529577,-8.7915587,0.1080,0
264895,2025-03-06,Valdáliga,Cantabria,9,43.3301421,-4.3518153,0.9950,1
275038,2025-07-16,Almonte,Huelva,9,37.2611686,-6.5175751,0.9935,1
251730,2025-01-17,Truchas,León,9,42.2856851,-6.3775157,0.9913,1
277912,2025-08-10,Estrada, A,Pontevedra,9,42.1741006,-8.5065713,0.9903,1
252953,2025-01-06,Arenas de Iguña,Cantabria,9,43.1870286,-4.0496673,0.9942,1
267035,2025-03-10,Ruesga,Cantabria,9,43.2949477,-3.5375132,0.9903,1
268656,2025-04-27,Vega de Valcarce,León,9,42.6644368,-6.9454103,0.9932,1
266887,2025-04-02,Luena,Cantabria,9,43.1117585,-3.9070384,0.0059,0
279217,2025-08-20,Lama, A,Pontevedra,9,42.445646,-8.4036413,0.9956,1
277917,2025-08-10,Estrada, A,Pontevedra,9,42.1741006,-8.5065713,0.9903,1
281966,2025-09-21,Villarrubia de Santiago,Toledo,9,39.9847858,-3.3667545,0.9928,1
266921,2025-04-09,Peñamellera Alta,Asturias,9,43.3105213,-4.7122719,0.9834,1
266991,2025-03-31,Luyego,León,9,42.3430708,-6.2353512,0.9923,1
257715,2025-02-18,San Roque de Riomiera,Cantabria,9,43.2191046,-3.7200789,0.9935,1
281355,2025-09-14,Perales del Puerto,Cáceres,9,40.1546159,-6.6824217,0.9934,1
279253,2025-08-09,Melide,A Coruña,9,42.9145741,-8.0136139,0.9842,1
276537,2025-08-03,Baños de la Encina,Jaén,9,38.1710134,-3.7744639,0.9916,1
265048,2025-03-07,Liérganes,Cantabria,9,43.3457326,-3.7432184,0.9636,1
251120,2025-01-10,Cillorigo de Liébana,Cantabria,9,43.2076777,-4.6122569,0.9938,1
265135,2025-03-07,Luena,Cantabria,9,43.1117585,-3.9070384,0.0014,0
267079,2025-04-08,Luzaide / Valcarlos,Navarra,9,43.0926454,-1.3017388,0.9924,1
266972,2025-04-09,San Pedro del Romeral,Cantabria,9,43.115382,-3.8184121,0.9927,1
279254,2025-08-09,Melide,A Coruña,9,42.9145741,-8.0136139,0.9842,1
274047,2025-07-10,Puertollano,Ciudad Real,9,38.6852161,-4.1111749,0.9914,1
277450,2025-08-04,Arbo,Pontevedra,9,42.1201334,-8.3182402,0.9770,1
268781,2025-04-10,Piloña,Asturias,9,43.3340915,-5.331035,0.9936,1
275146,2025-07-22,Mohedas de Granadilla,Cáceres,9,40.2686036,-6.2012779,0.9937,1
264892,2025-03-07,Valdáliga,Cantabria,9,43.3301421,-4.3518153,0.9946,1
266877,2025-03-06,Molledo,Cantabria,9,43.15187,-4.0428,0.0060,0
257449,2025-03-06,Anievas,Cantabria,9,43.2019012,-4.0051986,0.9598,1
265482,2025-04-01,San Pedro del Romeral,Cantabria,9,43.115382,-3.8184121,0.9935,1
257450,2025-02-16,Miera,Cantabria,9,43.2754402,-3.7126373,0.9935,1
281662,2025-09-22,Navalmoral de la Mata,Cáceres,9,39.8928306,-5.5401199,0.9929,1
266872,2025-03-31,Mazcuerras,Cantabria,9,43.29764,-4.20947,0.9931,1
267031,2025-04-10,Selaya,Cantabria,8,43.216694,-3.806861,0.9934,1
266857,2025-04-05,Corrales de Buelna, Los,Cantabria,8,43.2625976,-4.0544987,0.9854,1
279711,2025-08-15,Cáceres,Cáceres,8,39.4745175,-6.3716761,0.9889,1
266993,2025-04-09,San Pedro del Romeral,Cantabria,8,43.115382,-3.8184121,0.9927,1
270780,2025-05-28,Petín,Ourense,8,42.3823388,-7.1263643,0.9935,1
275039,2025-07-18,Guillena,Sevilla,8,37.5464709,-6.057052,0.9817,1
264981,2025-04-01,Luena,Cantabria,8,43.1117585,-3.9070384,0.9933,1
281178,2025-09-13,Armañanzas,Navarra,8,42.560496,-2.2851222,0.9886,1
282169,2025-09-20,Fonsagrada, A,Lugo,8,43.1248311,-7.0676605,0.9931,1
257691,2025-03-04,Santa Comba,A Coruña,8,43.0339953,-8.8066593,0.9926,1
282165,2025-09-20,Ponga,Asturias,8,43.1873037,-5.1540872,0.9922,1
280794,2025-08-15,Guntín,Lugo,8,42.900644,-7.6583307,0.0103,0
278920,2025-08-16,Miajadas,Cáceres,8,39.1501902,-5.9090558,0.9834,1
279593,2025-08-18,Priaranza del Bierzo,León,8,42.5102886,-6.6723942,0.9928,1
266423,2025-03-31,Cañiza, A,Pontevedra,8,42.2158506,-8.2790051,0.9911,1
266985,2025-04-10,Vega de Pas,Cantabria,8,43.1585436,-3.7821043,0.9925,1
272791,2025-06-29,Montehermoso,Cáceres,8,40.0883757,-6.3495966,0.9928,1
266884,2025-04-08,Luena,Cantabria,8,43.1117585,-3.9070384,0.9939,1
277115,2025-08-04,Riós,Ourense,8,41.9754084,-7.2665824,0.9932,1
277111,2025-08-06,Ponteceso,A Coruña,8,43.2428181,-8.9005051,0.8600,1
252896,2025-01-19,Luena,Cantabria,8,43.1117585,-3.9070384,0.9939,1
273333,2025-06-27,Porto do Son,A Coruña,8,43.3560593,-8.4050559,0.9795,1
264884,2025-03-20,Cabuérniga,Cantabria,8,43.2064824,-4.3050679,0.9940,1
279206,2025-08-15,Ramirás,Ourense,8,42.1844736,-8.0271836,0.0182,0
266963,2025-04-01,Luena,Cantabria,8,43.1117585,-3.9070384,0.9933,1
272246,2025-06-21,Allande,Asturias,8,43.2372182,-6.688504,0.9404,1
265047,2025-03-07,Miera,Cantabria,8,43.2754402,-3.7126373,0.8441,1
271664,2025-06-14,Nueno,Huesca,8,42.2671628,-0.4392923,0.9911,1
280911,2025-08-23,Valverde,El Hierro,8,27.809685,-17.9151468,0.0078,0
274779,2025-07-15,Zamora,Zamora,8,41.5056332,-5.744755,0.8962,1
264876,2025-03-31,Lamasón,Cantabria,8,43.2200671,-4.4872277,0.9935,1
279427,2025-08-21,Santa Colomba de Curueño,León,8,42.751273,-5.4127086,0.9925,1
277682,2025-08-08,Navalucillos, Los,Toledo,8,39.5472915,-4.6430274,0.9914,1
267042,2025-03-20,Miera,Cantabria,8,43.2754402,-3.7126373,0.9938,1
276954,2025-08-02,Pasarón de la Vera,Cáceres,8,40.0521312,-5.8209905,0.9926,1
268665,2025-04-05,Valdáliga,Cantabria,8,43.3301421,-4.3518153,0.9952,1
279795,2025-08-09,Cubillos del Sil,León,8,42.6240882,-6.5629162,0.9923,1
257713,2025-02-18,San Roque de Riomiera,Cantabria,8,43.2191046,-3.7200789,0.9935,1
279365,2025-08-19,Alcudia de Veo,Castellón/Castelló,8,39.9158376,-0.354769,0.9938,1
265029,2025-03-10,Santa María de Cayón,Cantabria,8,43.30976,-3.85548,0.9831,1
265474,2025-04-01,Soba,Cantabria,7,43.1915054,-3.5623672,0.9932,1
279372,2025-08-17,Castrelo de Miño,Ourense,7,42.2965639,-8.0656784,0.9930,1
276208,2025-07-27,Marín,Pontevedra,7,42.3922393,-8.7029421,0.9767,1
267057,2025-04-08,Ruesga,Cantabria,7,43.2949477,-3.5375132,0.9884,1
277103,2025-08-02,Sarreaus,Ourense,7,42.088126,-7.6038003,0.9936,1
277447,2025-08-02,Villayón,Asturias,7,43.4476896,-6.7046079,0.9914,1
279256,2025-08-15,Palas de Rei,Lugo,7,42.8739125,-7.8697964,0.9860,1
279213,2025-08-15,Paderne de Allariz,Ourense,7,42.2737426,-7.7463419,0.4952,0
251728,2025-01-14,Fornelos de Montes,Pontevedra,7,42.3278337,-8.4353139,0.9948,1
281349,2025-09-14,Pozoblanco,Córdoba,7,38.3780204,-4.848573,0.9931,1
256045,2025-02-20,Ituren,Navarra,7,43.1288633,-1.7073185,0.9933,1
266874,2025-03-05,Arenas de Iguña,Cantabria,7,43.1870286,-4.0496673,0.9939,1
257442,2025-02-21,Riotuerto,Cantabria,7,43.3326111,-3.6961004,0.9912,1
257447,2025-02-21,Liérganes,Cantabria,7,43.3457326,-3.7432184,0.9897,1
257725,2025-01-10,Miera,Cantabria,7,43.2754402,-3.7126373,0.9936,1
254207,2025-02-05,Polaciones,Cantabria,7,43.1006846,-4.4143179,0.9928,1
266511,2025-02-20,Luzaide / Valcarlos,Navarra,7,43.0926454,-1.3017388,0.9909,1
265066,2025-03-07,Riotuerto,Cantabria,7,43.3326111,-3.6961004,0.9769,1
268692,2025-04-10,Luena,Cantabria,7,43.1117585,-3.9070384,0.9936,1
257056,2025-02-18,Urroz,Navarra,7,43.1001519,-1.7073351,0.9935,1
265043,2025-03-07,Miera,Cantabria,7,43.2754402,-3.7126373,0.8441,1
251854,2025-01-18,Selaya,Cantabria,7,43.216694,-3.806861,0.0286,0
268668,2025-04-05,Valdáliga,Cantabria,7,43.3301421,-4.3518153,0.9952,1
278555,2025-08-16,San Cibrao das Viñas,Ourense,7,42.2964763,-7.8723141,0.9917,1
270532,2025-05-20,Uleila del Campo,Almería,7,37.1852556,-2.2035137,0.9934,1
264916,2025-03-10,Liérganes,Cantabria,7,43.3457326,-3.7432184,0.9860,1
275541,2025-07-25,Badajoz,Badajoz,7,38.878187,-6.9701115,0.9899,1
264911,2025-03-10,Santa María de Cayón,Cantabria,7,43.30976,-3.85548,0.9831,1
266701,2025-04-01,Hermisende,Zamora,7,41.9688114,-6.8955455,0.9911,1
269789,2025-04-08,Ochagavía / Otsagabia,Navarra,7,42.9064384,-1.0901999,0.9914,1
274270,2025-07-08,Pontevedra,Pontevedra,7,42.4318876,-8.6431592,0.1431,0
273707,2025-07-08,Murillo de Gállego,Zaragoza,7,42.336323,-0.751534,0.9931,1
282265,2025-09-19,Alcaudete,Jaén,7,37.5881403,-4.0812937,0.9935,1
276070,2025-07-29,Cerdedo-Cotobade,Pontevedra,7,42.5503595,-8.4072896,0.0022,0
277686,2025-08-10,Torregalindo,Burgos,6,41.5826767,-3.7523294,0.9912,1
277445,2025-08-05,Muros,A Coruña,6,42.7744106,-9.0575351,0.8779,1
265012,2025-02-19,Vega de Pas,Cantabria,6,43.1585436,-3.7821043,0.9930,1
276896,2025-07-30,Cañiza, A,Pontevedra,6,42.2158506,-8.2790051,0.9896,1
279602,2025-08-16,Becerreá,Lugo,6,42.8544959,-7.1616043,0.9928,1
278921,2025-08-17,Miajadas,Cáceres,6,39.1501902,-5.9090558,0.1026,0
277007,2025-07-25,Villarejo de Salvanés,Madrid,6,40.1683582,-3.2738764,0.9929,1
280199,2025-08-14,Cabrales,Asturias,6,43.2713716,-4.8296951,0.0536,0
276073,2025-07-30,Tomiño,Pontevedra,6,41.9960109,-8.731412,0.1335,0
280228,2025-08-13,Barrios de Luna, Los,León,6,42.8836096,-5.8783676,0.9924,1
275544,2025-07-24,Mérida,Badajoz,6,38.9174665,-6.3443977,0.9925,1
279671,2025-08-22,Terradillos,Salamanca,6,40.8389232,-5.5411976,0.9916,1
268836,2025-04-29,Tojos, Los,Cantabria,6,43.1532969,-4.2571942,0.9929,1
267043,2025-03-20,Miera,Cantabria,6,43.2754402,-3.7126373,0.9938,1
266976,2025-04-01,San Pedro del Romeral,Cantabria,6,43.115382,-3.8184121,0.9935,1
257293,2025-02-20,Baztan,Navarra,6,43.1628957,-1.4935352,0.9915,1
266995,2025-04-08,Vega de Pas,Cantabria,6,43.1585436,-3.7821043,0.9924,1
267138,2025-04-09,Agolada,Pontevedra,6,42.762592,-8.0184167,0.9918,1
269717,2025-04-25,Gallipienzo / Galipentzu,Navarra,6,42.5243351,-1.4100849,0.9934,1
267080,2025-03-31,Luzaide / Valcarlos,Navarra,6,43.0926454,-1.3017388,0.9932,1
265201,2025-03-17,Ochagavía / Otsagabia,Navarra,6,42.9064384,-1.0901999,0.9917,1
265476,2025-04-01,Soba,Cantabria,6,43.1915054,-3.5623672,0.9932,1
266876,2025-03-06,Anievas,Cantabria,6,43.2019012,-4.0051986,0.9598,1
266427,2025-03-31,Encinedo,León,6,42.2634788,-6.6563752,0.9921,1
266428,2025-04-01,Encinedo,León,6,42.2634788,-6.6563752,0.9915,1
268694,2025-04-24,Allande,Asturias,6,43.2372182,-6.688504,0.9931,1
266986,2025-04-08,Vega de Pas,Cantabria,6,43.1585436,-3.7821043,0.9924,1
264580,2025-03-05,Baztan,Navarra,6,43.1628957,-1.4935352,0.9876,1
267081,2025-03-31,Orreaga / Roncesvalles,Navarra,6,43.0091669,-1.3201731,0.0014,0
264571,2025-03-10,Baztan,Navarra,6,43.1628957,-1.4935352,0.9921,1
264894,2025-03-06,Valdáliga,Cantabria,6,43.3301421,-4.3518153,0.9950,1
280798,2025-09-06,Portomarín,Lugo,6,42.808161,-7.6156139,0.9936,1
257439,2025-02-17,Miera,Cantabria,6,43.2754402,-3.7126373,0.9936,1
279190,2025-08-15,Muxía,A Coruña,6,43.1071193,-9.2181926,0.9448,1
267064,2025-04-08,Karrantza Harana / Valle de Carranza,Bizkaia,6,43.2057433,-3.3639367,0.9940,1
257692,2025-03-04,Santa Comba,A Coruña,6,43.0339953,-8.8066593,0.9926,1
266944,2025-02-23,Molledo,Cantabria,6,43.15187,-4.0428,0.9945,1
268671,2025-04-09,Corvera de Toranzo,Cantabria,6,43.2161496,-3.9620953,0.9938,1
256105,2025-02-21,Cieza,Cantabria,6,43.2230443,-4.1248734,0.9928,1
254591,2025-01-31,Llosses, Les,Girona,6,42.1769087,2.1763734,0.9938,1
268687,2025-04-08,San Felices de Buelna,Cantabria,6,43.2663088,-4.0303292,0.9904,1
265112,2025-03-07,Vega de Pas,Cantabria,6,43.1585436,-3.7821043,0.0011,0
264596,2025-03-09,Baztan,Navarra,6,43.1628957,-1.4935352,0.9917,1
255730,2025-02-20,Teverga,Asturias,6,43.1445043,-6.1150972,0.9919,1
268907,2025-02-20,Cangas de Onís,Asturias,6,43.3136138,-5.0658503,0.9928,1
267012,2025-04-01,Vega de Pas,Cantabria,6,43.1585436,-3.7821043,0.9930,1
266827,2025-03-04,Carballeda de Avia,Ourense,6,42.3208186,-8.1648727,0.9926,1
267046,2025-04-01,Ruesga,Cantabria,6,43.2949477,-3.5375132,0.9931,1
266845,2025-04-04,Arenas de Iguña,Cantabria,6,43.1870286,-4.0496673,0.9936,1
266848,2025-04-01,Ruente,Cantabria,6,43.2586842,-4.2673241,0.9937,1
273042,2025-07-01,Fernán Caballero,Ciudad Real,6,39.1225007,-3.9010957,0.9894,1
265042,2025-03-07,Miera,Cantabria,6,43.2754402,-3.7126373,0.8441,1
266834,2025-03-08,Herrerías,Cantabria,6,43.3081749,-4.4683661,0.9943,1
256566,2025-02-18,Soba,Cantabria,6,43.1915054,-3.5623672,0.9931,1
264882,2025-03-20,Cabuérniga,Cantabria,6,43.2064824,-4.3050679,0.9940,1
267047,2025-04-01,Ruesga,Cantabria,6,43.2949477,-3.5375132,0.9931,1
267054,2025-04-01,Ruesga,Cantabria,6,43.2949477,-3.5375132,0.9931,1
255932,2025-02-20,Baztan,Navarra,5,43.1628957,-1.4935352,0.9915,1
268655,2025-04-28,Muros,A Coruña,5,42.7744106,-9.0575351,0.9921,1
267070,2025-04-10,Valdeprado del Río,Cantabria,5,42.875519,-4.0926302,0.9918,1
266835,2025-03-08,Herrerías,Cantabria,5,43.3081749,-4.4683661,0.9943,1
281042,2025-09-08,Capilla,Badajoz,5,38.8202856,-5.0840713,0.9933,1
266657,2025-03-31,Aller,Asturias,5,43.1060163,-5.5808161,0.9913,1
268659,2025-04-24,Peñamellera Alta,Asturias,5,43.3105213,-4.7122719,0.9933,1
266651,2025-04-02,Villamanín,León,5,42.9832524,-5.6950756,0.0011,0
266488,2025-04-01,Ultzama,Navarra,5,43.0031953,-1.6931236,0.9935,1
280799,2025-08-15,Mondariz,Pontevedra,5,42.2329417,-8.4548756,0.7436,1
267968,2025-04-01,Garralda,Navarra,5,42.9472388,-1.2881182,0.0013,0
251743,2025-01-18,Santa María de Cayón,Cantabria,5,43.30976,-3.85548,0.9664,1
268667,2025-04-05,Cabuérniga,Cantabria,5,43.2064824,-4.3050679,0.9820,1
268670,2025-04-11,Hermandad de Campoo de Suso,Cantabria,5,43.0335653,-4.277964,0.9887,1
264597,2025-03-09,Baztan,Navarra,5,43.1628957,-1.4935352,0.9917,1
281144,2025-09-06,Garcibuey,Salamanca,5,40.5160656,-5.9922747,0.9934,1
257714,2025-02-19,San Roque de Riomiera,Cantabria,5,43.2191046,-3.7200789,0.9931,1
279781,2025-08-28,Aceituna,Cáceres,5,40.1490744,-6.3312506,0.9312,1
277113,2025-08-05,Pontes de García Rodríguez, As,A Coruña,5,43.438943,-7.863266,0.9762,1
279338,2025-08-13,Verín,Ourense,5,41.9406091,-7.4406032,0.9934,1
259825,2025-03-13,Covelo,Pontevedra,5,42.2683939,-8.3527426,0.9940,1
268693,2025-04-10,Luena,Cantabria,5,43.1117585,-3.9070384,0.9936,1
275923,2025-07-18,Madrid,Madrid,5,40.4237276,-3.6899043,0.0798,0
268691,2025-04-09,San Pedro del Romeral,Cantabria,5,43.115382,-3.8184121,0.9927,1
266962,2025-04-02,Merindad de Valdeporres,Burgos,5,43.0124136,-3.7706887,0.9929,1
280196,2025-08-11,Ponga,Asturias,5,43.1873037,-5.1540872,0.0581,0
267052,2025-04-01,Ruesga,Cantabria,5,43.2949477,-3.5375132,0.9931,1
270531,2025-05-22,Almería,Almería,5,36.8414197,-2.4628135,0.9672,1
271864,2025-06-16,Alcántara,Cáceres,5,39.7206785,-6.8869875,0.9933,1
268623,2025-04-08,Belmonte de Miranda,Asturias,5,43.2730601,-6.2613944,0.9748,1
266997,2025-04-01,San Pedro del Romeral,Cantabria,5,43.115382,-3.8184121,0.9935,1
257737,2025-02-19,Luena,Cantabria,5,43.1117585,-3.9070384,0.9940,1
267332,2025-04-09,Baztan,Navarra,5,43.1628957,-1.4935352,0.9926,1
278951,2025-08-17,Muelas del Pan,Zamora,5,41.5223667,-5.9684562,0.9933,1
265475,2025-04-01,Soba,Cantabria,5,43.1915054,-3.5623672,0.9932,1
279360,2025-08-22,Monda,Málaga,5,36.6300141,-4.8306127,0.9842,1
271865,2025-06-17,Deleitosa,Cáceres,5,39.6443099,-5.6468968,0.9934,1
266473,2025-04-01,Larraun,Navarra,5,43.0001851,-1.9374747,0.9937,1
257441,2025-02-21,Arredondo,Cantabria,5,43.274538,-3.6017743,0.9924,1
265132,2025-03-07,Luena,Cantabria,5,43.1117585,-3.9070384,0.0014,0
265131,2025-03-07,Luena,Cantabria,5,43.1117585,-3.9070384,0.0014,0
266840,2025-04-10,Tojos, Los,Cantabria,5,43.1532969,-4.2571942,0.9915,1
257453,2025-03-06,Luena,Cantabria,5,43.1117585,-3.9070384,0.0020,0
267134,2025-04-10,Vimianzo,A Coruña,5,43.1102989,-9.0327488,0.9929,1
265077,2025-03-07,Entrambasaguas,Cantabria,5,43.3776292,-3.6823116,0.9784,1
267019,2025-04-01,Soba,Cantabria,5,43.1915054,-3.5623672,0.9932,1
256044,2025-02-20,Ituren,Navarra,5,43.1288633,-1.7073185,0.9933,1
264869,2025-03-19,Rionansa,Cantabria,5,43.2195449,-4.3955368,0.9941,1
274677,2025-07-10,Villa de Don Fadrique, La,Toledo,5,39.6180333,-3.2182294,0.9918,1
274968,2025-07-18,Gáldar,Gran Canaria,5,28.1073914,-15.5626972,0.9920,1
282159,2025-09-20,Samos,Lugo,5,42.730661,-7.3265903,0.9914,1
267133,2025-04-10,Vimianzo,A Coruña,5,43.1102989,-9.0327488,0.9929,1
257158,2025-02-20,Baztan,Navarra,5,43.1628957,-1.4935352,0.9915,1
266775,2025-04-01,Etxalar,Navarra,5,43.233558,-1.637321,0.9928,1
271432,2025-06-05,Lucena del Puerto,Huelva,5,37.3035671,-6.7284528,0.9921,1
275141,2025-07-22,Granada,Granada,5,37.1734995,-3.5995337,0.9675,1
267005,2025-04-01,Corvera de Toranzo,Cantabria,5,43.2161496,-3.9620953,0.9938,1
256028,2025-02-20,Orbaizeta,Navarra,5,42.9743136,-1.2301437,0.0427,0
279568,2025-08-13,Viana do Bolo,Ourense,4,42.1804504,-7.1131809,0.9927,1
282016,2025-09-14,Calatayud,Zaragoza,4,41.3527628,-1.6422977,0.9884,1
267975,2025-04-01,Orbaizeta,Navarra,4,42.9743136,-1.2301437,0.0010,0
266955,2025-04-01,Luena,Cantabria,4,43.1117585,-3.9070384,0.9933,1
257452,2025-02-21,Selaya,Cantabria,4,43.216694,-3.806861,0.9940,1
267027,2025-04-09,Soba,Cantabria,4,43.1915054,-3.5623672,0.9919,1
266878,2025-03-06,Molledo,Cantabria,4,43.15187,-4.0428,0.0060,0
269951,2025-04-10,Vilalba,Lugo,4,43.2962819,-7.6787671,0.9918,1
266881,2025-04-04,Molledo,Cantabria,4,43.15187,-4.0428,0.9938,1
267008,2025-04-09,Luyego,León,4,42.3430708,-6.2353512,0.9919,1
264855,2025-03-20,Llanes,Asturias,4,43.4211205,-4.7530835,0.9939,1
264982,2025-03-27,Luena,Cantabria,4,43.1117585,-3.9070384,0.9940,1
264872,2025-03-19,Rionansa,Cantabria,4,43.2195449,-4.3955368,0.9941,1
264984,2025-03-08,Luena,Cantabria,4,43.1117585,-3.9070384,0.0053,0
265015,2025-02-18,Vega de Pas,Cantabria,4,43.1585436,-3.7821043,0.9933,1
266999,2025-04-09,Vega de Pas,Cantabria,4,43.1585436,-3.7821043,0.9928,1
266839,2025-04-10,Tojos, Los,Cantabria,4,43.1532969,-4.2571942,0.9915,1
265081,2025-03-10,Penagos,Cantabria,4,43.3413728,-3.8068404,0.9805,1
265137,2025-03-07,Luena,Cantabria,4,43.1117585,-3.9070384,0.0014,0
265113,2025-03-07,Vega de Pas,Cantabria,4,43.1585436,-3.7821043,0.0011,0
266431,2025-03-31,Soba,Cantabria,4,43.1915054,-3.5623672,0.9933,1
266433,2025-03-31,Soba,Cantabria,4,43.1915054,-3.5623672,0.9933,1
264594,2025-03-20,Baztan,Navarra,4,43.1628957,-1.4935352,0.9932,1
266772,2025-04-01,Etxalar,Navarra,4,43.233558,-1.637321,0.9928,1
259823,2025-03-02,Chandrexa de Queixa,Ourense,4,42.2592799,-7.3776155,0.9904,1
266977,2025-04-01,San Pedro del Romeral,Cantabria,4,43.115382,-3.8184121,0.9935,1
266605,2025-04-02,Baztan,Navarra,4,43.1628957,-1.4935352,0.9928,1
266485,2025-04-01,Baztan,Navarra,4,43.1628957,-1.4935352,0.9930,1
267063,2025-04-08,Karrantza Harana / Valle de Carranza,Bizkaia,4,43.2057433,-3.3639367,0.9940,1
267065,2025-04-08,Karrantza Harana / Valle de Carranza,Bizkaia,4,43.2057433,-3.3639367,0.9940,1
268661,2025-04-18,Rionansa,Cantabria,4,43.2195449,-4.3955368,0.9937,1
266752,2025-03-31,Baztan,Navarra,4,43.1628957,-1.4935352,0.9932,1
276711,2025-08-02,Dodro,A Coruña,4,42.7213024,-8.7203857,0.0048,0
270821,2025-06-01,Valdeobispo,Cáceres,4,40.0821944,-6.2482744,0.9898,1
266968,2025-04-01,San Pedro del Romeral,Cantabria,4,43.115382,-3.8184121,0.9935,1
280771,2025-09-05,Orbaizeta,Navarra,4,42.9743136,-1.2301437,0.9925,1
270782,2025-05-19,Etxalar,Navarra,4,43.233558,-1.637321,0.9923,1
277198,2025-08-05,Rodeiro,Pontevedra,4,42.6490377,-7.9481672,0.1352,0
254224,2025-02-06,Llanars,Girona,4,42.3207265,2.344001,0.9875,1
266885,2025-04-08,Molledo,Cantabria,4,43.15187,-4.0428,0.9938,1
257164,2025-02-20,Baztan,Navarra,4,43.1628957,-1.4935352,0.9915,1
256033,2025-02-19,Beintza-Labaien,Navarra,4,43.1061775,-1.7367901,0.9937,1
271868,2025-06-14,Villarrobledo,Albacete,4,39.2681742,-2.6042132,0.9921,1
281954,2025-09-21,Lobios,Ourense,4,41.9039062,-8.0599771,0.0140,0
272093,2025-06-19,Algeciras,Cádiz,4,36.1311725,-5.4473991,0.9776,1
280470,2025-08-19,Enguídanos,Cuenca,4,39.6737312,-1.6062756,0.9926,1
268861,2025-04-09,Baztan,Navarra,4,43.1628957,-1.4935352,0.9926,1
254795,2025-02-16,Soba,Cantabria,4,43.1915054,-3.5623672,0.9930,1
270199,2025-04-30,Proaza,Asturias,4,43.2508048,-6.0170071,0.9912,1
279373,2025-08-25,San Amaro,Ourense,4,42.3734131,-8.0720856,0.9911,1
272748,2025-06-23,Aranga,A Coruña,4,43.2230734,-8.0124434,0.9922,1
274780,2025-07-10,Montalbanejo,Cuenca,4,39.7340388,-2.4988339,0.9908,1
274051,2025-07-08,Portomarín,Lugo,4,42.808161,-7.6156139,0.0034,0
268865,2025-04-05,Baztan,Navarra,4,43.1628957,-1.4935352,0.0016,0
268688,2025-04-10,Saro,Cantabria,4,43.2598232,-3.8424627,0.9909,1
267136,2025-04-08,Mazaricos,A Coruña,4,42.92795,-8.9941429,0.9929,1
268860,2025-04-09,Baztan,Navarra,4,43.1628957,-1.4935352,0.9926,1
272680,2025-06-25,Castropodame,León,4,42.5809609,-6.4677875,0.9909,1
265487,2025-04-01,Caso,Asturias,4,43.1747943,-5.3270258,0.6135,1
275058,2025-07-14,Candeleda,Ávila,4,40.1557248,-5.2409617,0.9848,1
268621,2025-04-01,Lena,Asturias,4,43.1615692,-5.8281354,0.3717,0
256047,2025-02-19,Ituren,Navarra,4,43.1288633,-1.7073185,0.9936,1
266841,2025-04-09,Arenas de Iguña,Cantabria,4,43.1870286,-4.0496673,0.9941,1
269791,2025-04-08,Ochagavía / Otsagabia,Navarra,4,42.9064384,-1.0901999,0.9914,1
257445,2025-02-21,Liérganes,Cantabria,4,43.3457326,-3.7432184,0.9897,1
256048,2025-02-20,Ituren,Navarra,4,43.1288633,-1.7073185,0.9933,1
282175,2025-09-20,Sober,Lugo,4,42.4618386,-7.5869336,0.9942,1
279782,2025-08-25,Campillo de Ranas,Guadalajara,4,41.0855605,-3.3141991,0.9926,1
276715,2025-08-04,Noia,A Coruña,4,42.7850763,-8.8877375,0.7944,1
256796,2025-02-05,Mondariz,Pontevedra,4,42.2329417,-8.4548756,0.9934,1
266860,2025-04-05,Corrales de Buelna, Los,Cantabria,4,43.2625976,-4.0544987,0.9854,1
267331,2025-04-10,Baztan,Navarra,4,43.1628957,-1.4935352,0.9925,1
282209,2025-09-17,Ponga,Asturias,4,43.1873037,-5.1540872,0.9922,1
264576,2025-02-20,Leitza,Navarra,4,43.0806959,-1.9163064,0.9925,1
267195,2025-04-09,Cierva, La,Cuenca,3,40.0564088,-1.8512278,0.9920,1
274818,2025-07-14,Codosera, La,Badajoz,3,39.2097696,-7.170749,0.9933,1
264583,2025-03-05,Baztan,Navarra,3,43.1628957,-1.4935352,0.9876,1
271219,2025-05-29,Rionansa,Cantabria,3,43.2195449,-4.3955368,0.1177,0
276568,2025-08-01,Benquerencia de la Serena,Badajoz,3,38.6994635,-5.4952776,0.9746,1
279802,2025-08-18,Tordoia,A Coruña,3,43.0871726,-8.5471339,0.9939,1
277901,2025-08-09,Padrenda,Ourense,3,42.119224,-8.1557789,0.9215,1
280802,2025-08-16,Ponteceso,A Coruña,3,43.2428181,-8.9005051,0.9660,1
274866,2025-07-14,Escalona,Toledo,3,40.1665576,-4.4038607,0.9872,1
268911,2025-04-30,Piloña,Asturias,3,43.3340915,-5.331035,0.9922,1
271893,2025-06-15,Lalín,Pontevedra,3,42.6614127,-8.1109759,0.9910,1
280797,2025-08-23,Crecente,Pontevedra,3,42.1516954,-8.2239168,0.9929,1
266882,2025-04-04,Molledo,Cantabria,3,43.15187,-4.0428,0.9938,1
266875,2025-03-06,Anievas,Cantabria,3,43.2019012,-4.0051986,0.9598,1
266564,2025-04-01,Baztan,Navarra,3,43.1628957,-1.4935352,0.9930,1
281961,2025-09-19,Castro de Rei,Lugo,3,43.2096671,-7.4004155,0.9931,1
264877,2025-03-30,Lamasón,Cantabria,3,43.2200671,-4.4872277,0.9937,1
273518,2025-07-01,Chiclana de la Frontera,Cádiz,3,36.4191096,-6.1460683,0.9838,1
274520,2025-07-04,Girona,Girona,3,41.9793006,2.8199439,0.9874,1
273342,2025-06-10,Vimianzo,A Coruña,3,43.1102989,-9.0327488,0.9933,1
272792,2025-06-26,Valdelacasa de Tajo,Cáceres,3,39.725641,-5.2817203,0.9927,1
271992,2025-06-18,Pesquera de Duero,Valladolid,3,41.6416062,-4.1558587,0.9927,1
265033,2025-02-21,Selaya,Cantabria,3,43.216694,-3.806861,0.9940,1
272083,2025-06-19,Almonte,Huelva,3,37.2611686,-6.5175751,0.9934,1
265067,2025-03-07,Riotuerto,Cantabria,3,43.3326111,-3.6961004,0.9769,1
278658,2025-08-14,Riós,Ourense,3,41.9754084,-7.2665824,0.9929,1
278339,2025-08-13,Mezquita, A,Ourense,3,42.0444565,-7.0192944,0.9856,1
278167,2025-08-04,Mogente / Moixent,Valencia/València,3,38.8753162,-0.7495353,0.0030,0
266467,2025-04-02,Baztan,Navarra,3,43.1628957,-1.4935352,0.9928,1
282310,2025-09-26,Alcolea del Pinar,Guadalajara,3,41.0359238,-2.4673489,0.9921,1
279431,2025-08-09,Sarreaus,Ourense,3,42.088126,-7.6038003,0.9936,1
267135,2025-04-08,Mazaricos,A Coruña,3,42.92795,-8.9941429,0.9929,1
267053,2025-04-03,Vega de Pas,Cantabria,3,43.1585436,-3.7821043,0.9932,1
268551,2025-03-28,Cervantes,Lugo,3,42.8270065,-6.9617665,0.9928,1
282162,2025-09-16,Cangas del Narcea,Asturias,3,43.1774374,-6.5499784,0.9932,1
276912,2025-07-28,San Cibrao das Viñas,Ourense,3,42.2964763,-7.8723141,0.9880,1
267032,2025-04-10,Selaya,Cantabria,3,43.216694,-3.806861,0.9934,1
271437,2025-06-10,Cáceres,Cáceres,3,39.4745175,-6.3716761,0.9909,1
280796,2025-08-20,Pazos de Borbén,Pontevedra,3,42.2849584,-8.5300479,0.9897,1
269790,2025-04-08,Ochagavía / Otsagabia,Navarra,3,42.9064384,-1.0901999,0.9914,1
266648,2025-04-01,Lena,Asturias,3,43.1615692,-5.8281354,0.3717,0
275924,2025-07-26,Madrid,Madrid,3,40.4237276,-3.6899043,0.0794,0
268856,2025-04-09,Baztan,Navarra,3,43.1628957,-1.4935352,0.9926,1
279784,2025-08-13,Malpartida de Plasencia,Cáceres,3,39.9811621,-6.0437752,0.9905,1
268855,2025-04-10,Ultzama,Navarra,3,43.0031953,-1.6931236,0.9928,1
266979,2025-03-31,Vega de Pas,Cantabria,3,43.1585436,-3.7821043,0.9933,1
268784,2025-04-09,Baztan,Navarra,3,43.1628957,-1.4935352,0.9926,1
266951,2025-03-31,Molledo,Cantabria,3,43.15187,-4.0428,0.9940,1
279504,2025-08-13,Manzaneda,Ourense,3,42.3098629,-7.2350007,0.9931,1
268853,2025-04-10,Donamaria,Navarra,3,43.1122222,-1.6727059,0.9932,1
277921,2025-08-11,Xinzo de Limia,Ourense,3,42.0637802,-7.7245257,0.9935,1
268819,2025-03-26,Noblejas,Toledo,3,39.9803187,-3.4403876,0.9913,1
254910,2025-02-18,Cieza,Cantabria,3,43.2230443,-4.1248734,0.9928,1
268622,2025-04-01,Lena,Asturias,3,43.1615692,-5.8281354,0.3717,0
266704,2025-04-01,Cabanas,A Coruña,3,43.4186891,-8.1609242,0.8697,1
268846,2025-04-09,Zubieta,Navarra,3,43.1249707,-1.742525,0.9939,1
266937,2025-04-10,Carballeda de Valdeorras,Ourense,3,42.3439744,-6.8491007,0.0649,0
266705,2025-04-06,Valadouro, O,Lugo,3,43.5492632,-7.4341374,0.9539,1
266709,2025-04-07,Areso,Navarra,3,43.0809215,-1.9510898,0.9938,1
256809,2025-02-17,Castell de Castells,Alicante/Alacant,3,38.7250325,-0.1939985,0.9946,1
280772,2025-09-05,Orbaizeta,Navarra,3,42.9743136,-1.2301437,0.9925,1
266923,2025-04-10,Peñamellera Alta,Asturias,3,43.3105213,-4.7122719,0.9900,1
267731,2025-04-01,Soba,Cantabria,3,43.1915054,-3.5623672,0.9932,1
251726,2025-01-16,Oia,Pontevedra,3,42.031505,-8.8444098,0.9903,1
277322,2025-08-03,Salvaterra de Miño,Pontevedra,3,42.1081234,-8.4897937,0.0170,0
280480,2025-08-16,Gerena,Sevilla,3,37.5293784,-6.1556433,0.9827,1
276074,2025-07-29,Gondomar,Pontevedra,3,42.1107672,-8.7620688,0.9778,1
268877,2025-04-09,Baztan,Navarra,3,43.1628957,-1.4935352,0.9926,1
277114,2025-08-06,Folgoso do Courel,Lugo,3,42.5882486,-7.1925449,0.9932,1
267970,2025-04-01,Aria,Navarra,3,42.9529822,-1.2664583,0.0013,0
268871,2025-04-05,Baztan,Navarra,3,43.1628957,-1.4935352,0.0016,0
280781,2025-08-16,Somiedo,Asturias,3,43.1028012,-6.2514557,0.7894,1
277658,2025-08-07,Coirós,A Coruña,3,43.2461745,-8.1471228,0.7198,1
268909,2025-04-30,Amieva,Asturias,3,43.2450993,-5.0730662,0.3064,0
251733,2025-01-16,Morcín,Asturias,3,43.2669129,-5.900945,0.9872,1
280775,2025-08-26,Quiroga,Lugo,3,42.4751472,-7.2697796,0.9937,1
268675,2025-04-10,Luena,Cantabria,3,43.1117585,-3.9070384,0.9936,1
268835,2025-04-01,Luena,Cantabria,3,43.1117585,-3.9070384,0.9933,1
279340,2025-08-18,Oímbra,Ourense,2,41.8857802,-7.4715679,0.9934,1
267001,2025-04-01,Luena,Cantabria,2,43.1117585,-3.9070384,0.9933,1
256046,2025-02-20,Ituren,Navarra,2,43.1288633,-1.7073185,0.9933,1
273159,2025-07-01,Torroella de Montgrí,Girona,2,42.040982,3.1262041,0.9936,1
264871,2025-03-19,Lamasón,Cantabria,2,43.2200671,-4.4872277,0.9940,1
267000,2025-04-09,San Pedro del Romeral,Cantabria,2,43.115382,-3.8184121,0.9927,1
278847,2025-08-15,Riós,Ourense,2,41.9754084,-7.2665824,0.9576,1
282194,2025-09-14,Viana do Bolo,Ourense,2,42.1804504,-7.1131809,0.9930,1
266842,2025-04-09,Arenas de Iguña,Cantabria,2,43.1870286,-4.0496673,0.9941,1
257696,2025-02-19,Villacarriedo,Cantabria,2,43.2306206,-3.8049489,0.9938,1
282181,2025-09-20,Xinzo de Limia,Ourense,2,42.0637802,-7.7245257,0.9932,1
282266,2025-09-24,Santa Elena,Jaén,2,38.3402349,-3.5398078,0.9928,1
279595,2025-08-16,Borrenes,León,2,42.4918575,-6.7266298,0.9929,1
266578,2025-04-08,Baztan,Navarra,2,43.1628957,-1.4935352,0.9927,1
266961,2025-04-02,Merindad de Valdeporres,Burgos,2,43.0124136,-3.7706887,0.9929,1
266988,2025-04-10,Vega de Pas,Cantabria,2,43.1585436,-3.7821043,0.9925,1
279355,2025-08-11,Tarifa,Cádiz,2,36.0129082,-5.6050213,0.9885,1
279803,2025-08-22,Arteixo,A Coruña,2,43.3045943,-8.508275,0.9853,1
264598,2025-03-09,Baztan,Navarra,2,43.1628957,-1.4935352,0.9917,1
275895,2025-07-24,Grove, O,Pontevedra,2,42.5800461,-8.2565599,0.9929,1
266969,2025-04-08,San Pedro del Romeral,Cantabria,2,43.115382,-3.8184121,0.9928,1
280773,2025-08-17,Viguera,La Rioja,2,42.3082258,-2.5337834,0.9915,1
282160,2025-09-20,Samos,Lugo,2,42.730661,-7.3265903,0.9914,1
269353,2025-04-08,Goizueta,Navarra,2,43.171748,-1.8640588,0.9897,1
270781,2025-05-19,Baztan,Navarra,2,43.1628957,-1.4935352,0.9928,1
267021,2025-04-09,Soba,Cantabria,2,43.1915054,-3.5623672,0.9919,1
266994,2025-04-09,San Pedro del Romeral,Cantabria,2,43.115382,-3.8184121,0.9927,1
266851,2025-03-31,Cabuérniga,Cantabria,2,43.2064824,-4.3050679,0.9938,1
267020,2025-04-09,Soba,Cantabria,2,43.1915054,-3.5623672,0.9919,1
255943,2025-02-20,Baztan,Navarra,2,43.1628957,-1.4935352,0.9915,1
266922,2025-04-09,Peñamellera Alta,Asturias,2,43.3105213,-4.7122719,0.9834,1
261002,2025-03-04,Cangas de Onís,Asturias,2,43.3136138,-5.0658503,0.9917,1
251246,2025-01-04,Cabrillanes,León,2,42.95367,-6.147952,0.9872,1
268838,2025-04-09,Selaya,Cantabria,2,43.216694,-3.806861,0.9936,1
256107,2025-02-16,Soba,Cantabria,2,43.1915054,-3.5623672,0.9930,1
266964,2025-04-01,Luena,Cantabria,2,43.1117585,-3.9070384,0.9933,1
267082,2025-04-01,Orreaga / Roncesvalles,Navarra,2,43.0091669,-1.3201731,0.0012,0
280104,2025-08-19,Fuente-Álamo,Albacete,2,38.7053213,-1.4492231,0.9934,1
264858,2025-03-20,Ribadedeva,Asturias,2,43.3718471,-4.5689978,0.9939,1
273074,2025-06-28,Sisante,Cuenca,2,39.4075687,-2.2028088,0.9924,1
276858,2025-08-03,Biscarrués,Huesca,2,42.2270257,-0.7508868,0.9938,1
282006,2025-09-17,Roses,Girona,2,42.2632018,3.1755328,0.9906,1
267935,2025-04-01,Urrugne,Navarra,2,None,None,-1.0000,0
268905,2025-04-09,Cangas de Onís,Asturias,2,43.3136138,-5.0658503,0.9853,1
267028,2025-04-09,Soba,Cantabria,2,43.1915054,-3.5623672,0.9919,1
277550,2025-08-08,Rodeiro,Pontevedra,2,42.6490377,-7.9481672,0.8851,1
266980,2025-03-31,Vega de Pas,Cantabria,2,43.1585436,-3.7821043,0.9933,1
266953,2025-03-31,Molledo,Cantabria,2,43.15187,-4.0428,0.9940,1
272804,2025-06-26,Carrión de Calatrava,Ciudad Real,2,39.0183225,-3.8168257,0.9670,1
276913,2025-08-02,Gondomar,Pontevedra,2,42.1107672,-8.7620688,0.9754,1
277911,2025-08-08,Ourol,Lugo,2,43.5640334,-7.6425182,0.9841,1
266706,2025-03-20,Valadouro, O,Lugo,2,43.5492632,-7.4341374,0.0033,0
254592,2025-01-31,Llosses, Les,Girona,2,42.1769087,2.1763734,0.9938,1
274972,2025-07-14,Motril,Granada,2,36.7450888,-3.5207655,0.9893,1
277099,2025-07-28,Vilardevós,Ourense,2,41.9073842,-7.312875,0.9932,1
251732,2025-01-18,Cangas del Narcea,Asturias,2,43.1774374,-6.5499784,0.9753,1
277449,2025-08-03,Vilalba,Lugo,2,43.2962819,-7.6787671,0.9493,1
267536,2025-03-31,Erro,Navarra,2,42.9631627,-1.4154255,0.9939,1
276235,2025-07-24,Ourense,Ourense,2,42.3438932,-7.8571792,0.9902,1
275583,2025-07-22,Corpa,Madrid,2,40.4235374,-3.2652482,0.9884,1
271440,2025-06-10,Villaviciosa,Asturias,2,43.4813776,-5.4344978,0.9936,1
274483,2025-07-14,Guntín,Lugo,2,42.900644,-7.6583307,0.0034,0
274049,2025-07-08,Toques,A Coruña,2,42.9692524,-7.955717,0.7066,1
277915,2025-08-09,Caldas de Reis,Pontevedra,2,42.6041056,-8.6421712,0.0079,0
267003,2025-04-01,Luena,Cantabria,2,43.1117585,-3.9070384,0.9933,1
274485,2025-07-14,Guntín,Lugo,2,42.900644,-7.6583307,0.0034,0
275006,2025-07-19,Lubrín,Almería,2,37.216181,-2.0669673,0.9938,1
271433,2025-06-05,Huelva,Huelva,2,37.2575874,-6.9484945,0.9824,1
268689,2025-03-07,Vega de Pas,Cantabria,2,43.1585436,-3.7821043,0.0011,0
276712,2025-08-02,Noia,A Coruña,2,42.7850763,-8.8877375,0.0418,0
272565,2025-06-23,Pedro Muñoz,Ciudad Real,2,39.4060954,-2.9474164,0.9871,1
269719,2025-04-28,Puerto de Béjar,Salamanca,2,40.350033,-5.8388761,0.1617,0
271569,2025-06-05,Sorbas,Almería,2,37.098183,-2.1239548,0.9943,1
276759,2025-07-31,Navascués / Nabaskoze,Navarra,2,42.7185668,-1.1160102,0.9935,1
268854,2025-04-01,Ultzama,Navarra,2,43.0031953,-1.6931236,0.9935,1
281119,2025-09-10,Carolina, La,Jaén,2,37.7582467,-3.7953281,0.9908,1
273633,2025-07-03,Santiago de Compostela,A Coruña,2,42.8804219,-8.5458608,0.0060,0
276906,2025-08-02,Xermade,Lugo,2,43.355072,-7.8122096,0.9909,1
267011,2025-04-09,Vega de Pas,Cantabria,2,43.1585436,-3.7821043,0.9928,1
265031,2025-03-10,Santa María de Cayón,Cantabria,2,43.30976,-3.85548,0.9831,1
265023,2025-03-10,Miera,Cantabria,2,43.2754402,-3.7126373,0.9927,1
265068,2025-03-07,Riotuerto,Cantabria,2,43.3326111,-3.6961004,0.9769,1
276222,2025-07-15,Dozón,Pontevedra,2,42.5950221,-8.0473457,0.9770,1
279807,2025-08-14,Vilches,Jaén,2,38.2107652,-3.5130577,0.9912,1
265134,2025-03-07,Luena,Cantabria,2,43.1117585,-3.9070384,0.0014,0
276221,2025-07-15,Irixo, O,Ourense,2,42.5123164,-8.1182265,0.9932,1
276223,2025-07-29,Bueu,Pontevedra,2,42.3272768,-8.7863966,0.9544,1
279091,2025-08-09,Verín,Ourense,2,41.9406091,-7.4406032,0.9934,1
266432,2025-03-31,Soba,Cantabria,2,43.1915054,-3.5623672,0.9933,1
266828,2025-03-31,Estrada, A,Pontevedra,1,42.1741006,-8.5065713,0.9187,1
276231,2025-07-29,Taboada,Lugo,1,42.7156699,-7.7629848,0.0021,0
279341,2025-08-18,Oímbra,Ourense,1,41.8857802,-7.4715679,0.9934,1
268669,2025-04-01,Cabuérniga,Cantabria,1,43.2064824,-4.3050679,0.9935,1
256106,2025-02-21,Corrales de Buelna, Los,Cantabria,1,43.2625976,-4.0544987,0.9921,1
266579,2025-04-08,Baztan,Navarra,1,43.1628957,-1.4935352,0.9927,1
270046,2025-04-08,Lantz,Navarra,1,42.9982724,-1.6195616,0.9915,1
277323,2025-08-06,Neves, As,Pontevedra,1,42.0753355,-8.4200644,0.9800,1
268674,2025-04-10,Luena,Cantabria,1,43.1117585,-3.9070384,0.9936,1
266477,2025-03-31,Baztan,Navarra,1,43.1628957,-1.4935352,0.9932,1
276075,2025-07-29,Gondomar,Pontevedra,1,42.1107672,-8.7620688,0.9778,1
268845,2025-04-09,Zubieta,Navarra,1,43.1249707,-1.742525,0.9939,1
267735,2025-03-10,Baztan,Navarra,1,43.1628957,-1.4935352,0.9921,1
276238,2025-07-04,Dumbría,A Coruña,1,43.0104042,-9.1179528,0.3338,0
273087,2025-06-28,Arbo,Pontevedra,1,42.1201334,-8.3182402,0.9931,1
267330,2025-04-10,Baztan,Navarra,1,43.1628957,-1.4935352,0.9925,1
256798,2025-02-13,Villanueva de las Manzanas,León,1,42.4727603,-5.4809076,0.9915,1
280754,2025-09-06,Puertollano,Ciudad Real,1,38.6852161,-4.1111749,0.9922,1
279359,2025-08-12,Almogía,Málaga,1,36.8261541,-4.5406993,0.9556,1
279818,2025-08-15,Tineo,Asturias,1,43.333974,-6.4165462,0.9900,1
257054,2025-02-24,Sunbilla,Navarra,1,43.1640996,-1.6710173,0.9935,1
273842,2025-07-07,Villanueva del Río y Minas,Sevilla,1,37.6551394,-5.7112257,0.9892,1
265136,2025-03-07,Luena,Cantabria,1,43.1117585,-3.9070384,0.0014,0
270180,2025-05-12,Almendro, El,Huelva,1,37.5059879,-7.2701144,0.9938,1
273209,2025-06-30,Oristà,Barcelona,1,41.9327257,2.0599756,0.9894,1
273844,2025-07-06,Cazalla de la Sierra,Sevilla,1,37.932188,-5.7595396,0.9841,1
264873,2025-03-19,Lamasón,Cantabria,1,43.2200671,-4.4872277,0.9940,1
282308,2025-09-23,Cardoso de la Sierra, El,Guadalajara,1,41.0952437,-3.4645105,0.9921,1
274050,2025-07-09,Palas de Rei,Lugo,1,42.8739125,-7.8697964,0.9804,1
276710,2025-07-30,Toén,Ourense,1,42.3167247,-7.9545534,0.8625,1
274218,2025-07-10,Robregordo,Madrid,1,41.1064517,-3.5937466,0.9915,1
266766,2025-03-10,Baztan,Navarra,1,43.1628957,-1.4935352,0.9921,1
264866,2025-03-19,Herrerías,Cantabria,1,43.3081749,-4.4683661,0.9941,1
265477,2025-04-01,Soba,Cantabria,1,43.1915054,-3.5623672,0.9932,1
273843,2025-07-07,Villanueva del Río y Minas,Sevilla,1,37.6551394,-5.7112257,0.9892,1
272192,2025-06-20,Os de Balaguer,Lleida,1,41.8713099,0.7193399,0.9925,1
274273,2025-07-03,Santovenia,Zamora,1,41.8787581,-5.708769,0.9932,1
276917,2025-08-03,Vilaboa,Pontevedra,1,42.3433945,-8.6641497,0.0029,0
271435,2025-06-11,Jerez de los Caballeros,Badajoz,1,38.3201991,-6.7713389,0.9931,1
272271,2025-06-11,Bocairent,Valencia/València,1,38.7669181,-0.610892,0.9871,1
265022,2025-03-10,Miera,Cantabria,1,43.2754402,-3.7126373,0.9927,1
275181,2025-07-16,Alcázar de San Juan,Ciudad Real,1,39.3899806,-3.2101376,0.9923,1
276908,2025-08-02,Fisterra,A Coruña,1,42.9064771,-9.263789,0.0313,0
271220,2025-05-29,Rionansa,Cantabria,1,43.2195449,-4.3955368,0.1177,0
273519,2025-07-01,Chiclana de la Frontera,Cádiz,1,36.4191096,-6.1460683,0.9838,1
270132,2025-04-10,Allariz,Ourense,1,42.1893161,-7.8019484,0.9931,1
279260,2025-08-15,Gondomar,Pontevedra,1,42.1107672,-8.7620688,0.9860,1
275049,2025-07-19,Cañamero,Cáceres,1,39.3801055,-5.3892464,0.9931,1
265030,2025-03-10,Santa María de Cayón,Cantabria,1,43.30976,-3.85548,0.9831,1
279210,2025-08-15,Merca, A,Ourense,1,42.2460671,-7.8689707,0.9920,1
257055,2025-02-24,Sunbilla,Navarra,1,43.1640996,-1.6710173,0.9935,1
257159,2025-02-19,Baztan,Navarra,1,43.1628957,-1.4935352,0.9926,1
267025,2025-04-07,Soba,Cantabria,1,43.1915054,-3.5623672,0.9926,1
281429,2025-09-17,Uceda,Guadalajara,1,40.8432607,-3.4635907,0.9944,1
281176,2025-09-08,Molar, El,Madrid,1,40.7299364,-3.591102,0.9939,1
281173,2025-08-25,Outes,A Coruña,1,42.8455717,-8.9140816,0.9930,1
276929,2025-07-25,Sena de Luna,León,1,42.9290995,-5.9524814,0.9920,1
279339,2025-08-13,Verín,Ourense,1,41.9406091,-7.4406032,0.9934,1
276803,2025-08-01,Perales del Puerto,Cáceres,1,40.1546159,-6.6824217,0.0109,0
276928,2025-08-02,Vilalba,Lugo,1,43.2962819,-7.6787671,0.9912,1
268839,2025-04-09,Selaya,Cantabria,1,43.216694,-3.806861,0.9936,1
280768,2025-08-23,Roda de Berà,Tarragona,1,41.1857961,1.4569904,0.9874,1
254144,2025-02-05,Cabezuela del Valle,Cáceres,1,40.1934605,-5.805708,0.9924,1
252954,2025-01-13,Arenas de Iguña,Cantabria,1,43.1870286,-4.0496673,0.9941,1
278139,2025-08-10,Catoira,Pontevedra,1,42.6672017,-8.7218548,0.0046,0
277656,2025-07-16,Vicedo, O,Lugo,1,43.7309878,-7.6731025,0.9888,1
251742,2025-01-16,Caso,Asturias,1,43.1747943,-5.3270258,0.9917,1
251741,2025-01-16,Caso,Asturias,1,43.1747943,-5.3270258,0.9917,1
251727,2025-01-16,Oia,Pontevedra,1,42.031505,-8.8444098,0.9903,1
264600,2025-03-09,Baztan,Navarra,1,43.1628957,-1.4935352,0.9917,1
270826,2025-05-26,Berja,Almería,1,36.8428832,-2.945818,0.9900,1
251851,2025-01-15,Nogais, As,Lugo,1,42.8122076,-7.1057192,0.9924,1
251241,2025-01-15,Gandesa,Tarragona,1,41.0520413,0.4388956,0.9936,1
267077,2025-04-01,Baztan,Navarra,1,43.1628957,-1.4935352,0.9930,1
267076,2025-04-01,Baztan,Navarra,1,43.1628957,-1.4935352,0.9930,1
268662,2025-04-05,Tudanca,Cantabria,1,43.15226,-4.3728,0.7150,1
264893,2025-03-06,Valdáliga,Cantabria,1,43.3301421,-4.3518153,0.9950,1
264599,2025-03-08,Baztan,Navarra,1,43.1628957,-1.4935352,0.9901,1
282204,2025-09-24,Ponte Caldelas,Pontevedra,1,42.3888113,-8.501742,0.9913,1
279209,2025-08-12,Cartelle,Ourense,1,42.2378413,-8.0327765,0.9927,1
266479,2025-03-31,Baztan,Navarra,1,43.1628957,-1.4935352,0.9932,1
254210,2025-02-06,Gallipienzo / Galipentzu,Navarra,1,42.5243351,-1.4100849,0.9934,1
261004,2025-03-04,Cangas de Onís,Asturias,1,43.3136138,-5.0658503,0.9917,1
279405,2025-08-15,Luena,Cantabria,1,43.1117585,-3.9070384,0.0015,0
281402,2025-09-17,Villanueva de la Serena,Badajoz,1,38.9736819,-5.8003669,0.9923,1
257738,2025-02-17,Luena,Cantabria,1,43.1117585,-3.9070384,0.9940,1
276399,2025-07-20,Santibáñez el Alto,Cáceres,1,40.1856809,-6.5474492,0.9934,1
276400,2025-07-20,Navas de Oro,Segovia,1,41.195979,-4.4386447,0.9934,1
272942,2025-06-26,Vilajuïga,Girona,1,42.3255898,3.0937345,0.9836,1
273841,2025-07-07,Villanueva del Río y Minas,Sevilla,1,37.6551394,-5.7112257,0.9892,1
279596,2025-08-17,Puente de Domingo Flórez,León,1,42.4111894,-6.8199576,0.9935,1
267023,2025-04-07,Soba,Cantabria,1,43.1915054,-3.5623672,0.9926,1
257448,2025-02-22,Liérganes,Cantabria,1,43.3457326,-3.7432184,0.9897,1
281040,2025-08-18,Logrosán,Cáceres,1,39.336979,-5.4924596,0.9113,1
257454,2025-03-05,Molledo,Cantabria,1,43.15187,-4.0428,0.9941,1
279492,2025-08-10,Ponteareas,Pontevedra,1,42.1741836,-8.5050427,0.9903,1
279491,2025-08-10,Ponteareas,Pontevedra,1,42.1741836,-8.5050427,0.9903,1
279361,2025-08-12,Bonares,Huelva,1,37.3214037,-6.683161,0.9936,1
282176,2025-09-20,Sober,Lugo,1,42.4618386,-7.5869336,0.9942,1
266911,2025-04-09,Aller,Asturias,1,43.1060163,-5.5808161,0.9906,1
276931,2025-07-28,Colmenarejo,Madrid,1,40.4966509,-3.6636826,0.2269,0
276920,2025-07-30,Oza-Cesuras,A Coruña,1,43.1931322,-8.1812707,0.8442,1
266966,2025-04-01,Luena,Cantabria,1,43.1117585,-3.9070384,0.9933,1
277898,2025-08-09,Vilalba,Lugo,1,43.2962819,-7.6787671,0.9848,1
266708,2025-04-07,Areso,Navarra,1,43.0809215,-1.9510898,0.9938,1
266829,2025-03-31,Estrada, A,Pontevedra,1,42.1741006,-8.5065713,0.9187,1
267024,2025-04-07,Soba,Cantabria,1,43.1915054,-3.5623672,0.9926,1
272566,2025-06-26,Higueruela,Albacete,1,38.9643114,-1.4443612,0.9919,1
277899,2025-08-08,Campo Lameiro,Pontevedra,1,42.5379231,-8.5101215,0.9805,1
276915,2025-07-29,Tui,Pontevedra,1,42.0501375,-8.6466411,0.0029,0
273522,2025-07-07,Villanueva del Río y Minas,Sevilla,0,37.6551394,-5.7112257,0.9892,1
282291,2025-09-26,Rubiá,Ourense,0,42.4494484,-6.9450653,0.9930,1
274511,2025-07-07,Santiago-Pontones,Jaén,0,38.0987617,-2.6568836,0.7215,1
273709,2025-07-04,Piñuécar-Gandullas,Madrid,0,41.0355464,-3.5994756,0.9931,1
275099,2025-07-12,Siero,Asturias,0,43.394024,-5.6349173,0.9864,1
273724,2025-07-04,Boiro,A Coruña,0,42.6462941,-8.8858718,0.6857,1
272840,2025-06-26,Montmell, El,Tarragona,0,41.3357772,1.4667169,0.9941,1
264870,2025-03-19,Rionansa,Cantabria,0,43.2195449,-4.3955368,0.9941,1
282290,2025-09-25,Irixo, O,Ourense,0,42.5123164,-8.1182265,0.9922,1
282182,2025-09-20,Sarreaus,Ourense,0,42.088126,-7.6038003,0.9933,1
279366,2025-08-15,Quart de les Valls,Valencia/València,0,39.7398739,-0.2727995,0.9829,1
280813,2025-09-04,Puebla de Almoradiel, La,Toledo,0,39.5982659,-3.1186131,0.9933,1
270876,2025-05-29,Nuñomoral,Cáceres,0,40.4089198,-6.2446212,0.8750,1
277904,2025-08-09,Padrenda,Ourense,0,42.119224,-8.1557789,0.9215,1
266478,2025-03-31,Baztan,Navarra,0,43.1628957,-1.4935352,0.9932,1
279207,2025-08-15,Ramirás,Ourense,0,42.1844736,-8.0271836,0.0182,0
268779,2025-03-31,Gondomar,Pontevedra,0,42.1107672,-8.7620688,0.7087,1
266912,2025-04-09,Aller,Asturias,0,43.1060163,-5.5808161,0.9906,1
257697,2025-02-19,Villacarriedo,Cantabria,0,43.2306206,-3.8049489,0.9938,1
266952,2025-03-31,Molledo,Cantabria,0,43.15187,-4.0428,0.9940,1
281038,2025-09-03,Hellín,Albacete,0,38.5106649,-1.6995137,0.9929,1
267026,2025-04-07,Soba,Cantabria,0,43.1915054,-3.5623672,0.9926,1
276216,2025-07-28,Fornelos de Montes,Pontevedra,0,42.3278337,-8.4353139,0.9938,1
275582,2025-07-26,Ames,A Coruña,0,42.8907625,-8.6722375,0.9851,1
275525,2025-07-21,San Roque,Cádiz,0,36.2100586,-5.3868293,0.9611,1
276927,2025-08-03,Vilalba,Lugo,0,43.2962819,-7.6787671,0.9493,1
271431,2025-06-09,Puerto Real,Cádiz,0,36.5286856,-6.1902161,0.9611,1
276926,2025-08-03,Vilalba,Lugo,0,43.2962819,-7.6787671,0.9493,1
274272,2025-07-10,Cangas del Narcea,Asturias,0,43.1774374,-6.5499784,0.6041,1
275098,2025-07-20,Ibeas de Juarros,Burgos,0,42.3316845,-3.5358434,0.0018,0
271600,2025-06-11,Sant Quirze Safaja,Barcelona,0,41.7271551,2.1530012,0.9827,1
282294,2025-09-18,Elgeta,Gipuzkoa,0,43.1367656,-2.4874683,0.0023,0
